[
{
  "pk": 1, 
  "model": "djangocms_text_ckeditor.text", 
  "fields": {
    "body": "<p>Maneki Neko Con is an all-ages science fiction, fantasy, anime, gaming, comics, and miscellaneous geeky fandom convention in Chicago's south suburbs.</p>\n"
  }
},
{
  "pk": 3, 
  "model": "djangocms_text_ckeditor.text", 
  "fields": {
    "body": "<p>Once again, we're at the <img alt=\"Link\" id=\"plugin_obj_4\" src=\"/static/cms/img/icons/plugins/link.png\" title=\"Link - Matteson Community Center\">.</p>\n"
  }
},
{
  "pk": 6, 
  "model": "djangocms_text_ckeditor.text", 
  "fields": {
    "body": "<p>Once again, we're at the <img alt=\"Link - Matteson Community Center\" id=\"plugin_obj_7\" src=\"/static/cms/img/icons/plugins/link.png\" title=\"Link - Matteson Community Center\">.</p>\n"
  }
},
{
  "pk": 9, 
  "model": "djangocms_text_ckeditor.text", 
  "fields": {
    "body": "<p>Lorem ipsum dolor sit amet, sumo labore voluptaria his et, harum consequat temporibus an quo. Mel an nonumy libris iuvaret, has at nostrud delicata conceptam. Eam quot veniam accusamus cu. Eu mel molestiae consequuntur, vix et viderer atomorum maluisset. Eos ut soleat nemore.</p>\n\n<p>Possim quodsi ad cum. In cum doctus fabulas tincidunt. Duo brute partiendo referrentur in. Saepe consetetur delicatissimi quo no, veritus mentitum offendit in est.</p>\n\n<p>Movet iracundia eu eos, at eius adhuc doctus eum, modo mnesarchum voluptatum ad his. Mel no recusabo periculis, elit veniam timeam cu quo. Vel cu feugait tacimates aliquando, at eum eligendi electram. In consul euismod delicata mea.</p>\n\n<p>Duo te purto oblique, aeterno quaestio expetendis ad mei. Ut ancillae nominavi volutpat nec, velit dicit everti est cu, his hinc dicant nemore ne. Et stet legere sea, ei pri petentium torquatos, id has indoctum electram vituperatoribus. In nibh quaerendum sea. Qui voluptua assentior philosophia et, et labore principes incorrupte qui, eu sed sensibus comprehensam. Ex adhuc laudem pri.</p>\n\n<p>Usu et dicant discere, alia consetetur honestatis no vim, commune assueverit vel te. Magna mutat mei ut, te malorum conceptam adolescens per. Intellegam honestatis scripserit his id, ne liber fabulas antiopam eum, ea propriae molestie ius. Mel et expetenda dissentiet, in nisl dissentiunt eam.</p>\n"
  }
},
{
  "pk": 10, 
  "model": "djangocms_text_ckeditor.text", 
  "fields": {
    "body": "<p>Lorem ipsum dolor sit amet, sumo labore voluptaria his et, harum consequat temporibus an quo. Mel an nonumy libris iuvaret, has at nostrud delicata conceptam. Eam quot veniam accusamus cu. Eu mel molestiae consequuntur, vix et viderer atomorum maluisset. Eos ut soleat nemore.</p>\n\n<p>Possim quodsi ad cum. In cum doctus fabulas tincidunt. Duo brute partiendo referrentur in. Saepe consetetur delicatissimi quo no, veritus mentitum offendit in est.</p>\n\n<p>Movet iracundia eu eos, at eius adhuc doctus eum, modo mnesarchum voluptatum ad his. Mel no recusabo periculis, elit veniam timeam cu quo. Vel cu feugait tacimates aliquando, at eum eligendi electram. In consul euismod delicata mea.</p>\n\n<p>Duo te purto oblique, aeterno quaestio expetendis ad mei. Ut ancillae nominavi volutpat nec, velit dicit everti est cu, his hinc dicant nemore ne. Et stet legere sea, ei pri petentium torquatos, id has indoctum electram vituperatoribus. In nibh quaerendum sea. Qui voluptua assentior philosophia et, et labore principes incorrupte qui, eu sed sensibus comprehensam. Ex adhuc laudem pri.</p>\n\n<p>Usu et dicant discere, alia consetetur honestatis no vim, commune assueverit vel te. Magna mutat mei ut, te malorum conceptam adolescens per. Intellegam honestatis scripserit his id, ne liber fabulas antiopam eum, ea propriae molestie ius. Mel et expetenda dissentiet, in nisl dissentiunt eam.</p>\n"
  }
},
{
  "pk": 11, 
  "model": "djangocms_text_ckeditor.text", 
  "fields": {
    "body": "<p>Maneki Neko Con is an all-ages science fiction, fantasy, anime, gaming, comics, and miscellaneous geeky fandom convention in Chicago's south suburbs.</p>\n"
  }
},
{
  "pk": 12, 
  "model": "djangocms_text_ckeditor.text", 
  "fields": {
    "body": "<p>Sonet definiebas usu in, tation homero consetetur sit ea. Option appellantur his no. Quo agam unum alterum et, propriae scaevola convenire pro at, qui suavitate quaerendum et. Dicit graece per ei, per euismod explicari adipiscing no, cu ferri complectitur vim. Ei eripuit dissentias pri, pro ut habemus eloquentiam. Audire fierent quo et.</p>\n\n<p>Ex pro ferri pericula mediocritatem, in eum ridens alterum dissentiunt. Te choro adipiscing mel. Minimum repudiare ei eum. Dictas assueverit at nec, quidam viderer legimus ius id, vis ea phaedrum invenire. Appellantur intellegebat no mei, ei his probo imperdiet adipiscing, consul legere eirmod ea duo.</p>\n\n<p>Ne ceteros invenire tincidunt vel, ea exerci offendit has, et vix agam noster. Est ei error principes, ea has vide reque. Harum periculis democritum ad eam. In eos minim sonet complectitur, nam no hendrerit tincidunt. Id qui habeo discere quaestio, pro cu paulo iudico maiorum.</p>\n\n<p>Unum integre similique ut vim, at pro reque appareat perfecto. At pro enim omnesque deseruisse, nec sint mutat illud ut, pri ad sensibus rationibus. Pro at cibo novum ancillae, aeterno epicurei theophrastus ea cum. In mel denique expetenda, ei vix augue doming option.</p>\n\n<p>Ea quod quidam civibus has. Ut mundi discere dissentias usu, nam ea porro aliquip nominavi. Ad sit putant officiis prodesset. Modo fugit ei has.</p>\n\n<p>Et quas utinam quaeque his, id nec tibique erroribus consulatu, ut tation nominati eos. Rebum dicat no eos, delectus pertinax vim ut. At ponderum comprehensam vim, pro te ignota eripuit referrentur. Eu est amet nonumes vulputate.</p>\n\n<p>Affert adolescens constituam nec ex. Ut pri atomorum cotidieque. Te quo nisl facete eripuit. Eam mundi consectetuer no, natum praesent patrioque mea ad, dico falli percipit id qui.</p>\n\n<p>Pro semper numquam blandit ei. Verear saperet liberavisse cu est, aeterno accumsan intellegebat pro cu. Posse accusata in mel, agam probo epicurei ei quo. Graeci omittam perfecto et sea, has ei quando explicari mediocritatem, ne commune postulant liberavisse cum. Persius maiestatis vim ne, elit movet ubique ad his, id ceteros erroribus est. Simul officiis tacimates vix cu. No ipsum malorum vix.</p>\n\n<p>Duis mollis et vis, mollis aeterno alienum mel cu, sea animal laoreet tibique ei. Mel reque perpetua comprehensam no, harum mucius ea eos. Discere nominati partiendo pri te. Quem facilisi id quo. No graece menandri dissentiet qui, solet comprehensam ei eam. Accumsan detraxit ullamcorper an per.</p>\n\n<p>Ut consetetur vituperata his, ad inimicus erroribus has, in quando impedit vix. Eum ad mazim nonumes. Ubique veritus duo an, cu eos scripta mentitum salutatus, sed dolorum gloriatur ne. Eu vix gloriatur efficiendi, eu porro malorum aliquando eum.</p>\n"
  }
},
{
  "pk": 13, 
  "model": "djangocms_text_ckeditor.text", 
  "fields": {
    "body": "<p>Sonet definiebas usu in, tation homero consetetur sit ea. Option appellantur his no. Quo agam unum alterum et, propriae scaevola convenire pro at, qui suavitate quaerendum et. Dicit graece per ei, per euismod explicari adipiscing no, cu ferri complectitur vim. Ei eripuit dissentias pri, pro ut habemus eloquentiam. Audire fierent quo et.</p>\n\n<p>Ex pro ferri pericula mediocritatem, in eum ridens alterum dissentiunt. Te choro adipiscing mel. Minimum repudiare ei eum. Dictas assueverit at nec, quidam viderer legimus ius id, vis ea phaedrum invenire. Appellantur intellegebat no mei, ei his probo imperdiet adipiscing, consul legere eirmod ea duo.</p>\n\n<p>Ne ceteros invenire tincidunt vel, ea exerci offendit has, et vix agam noster. Est ei error principes, ea has vide reque. Harum periculis democritum ad eam. In eos minim sonet complectitur, nam no hendrerit tincidunt. Id qui habeo discere quaestio, pro cu paulo iudico maiorum.</p>\n\n<p>Unum integre similique ut vim, at pro reque appareat perfecto. At pro enim omnesque deseruisse, nec sint mutat illud ut, pri ad sensibus rationibus. Pro at cibo novum ancillae, aeterno epicurei theophrastus ea cum. In mel denique expetenda, ei vix augue doming option.</p>\n\n<p>Ea quod quidam civibus has. Ut mundi discere dissentias usu, nam ea porro aliquip nominavi. Ad sit putant officiis prodesset. Modo fugit ei has.</p>\n\n<p>Et quas utinam quaeque his, id nec tibique erroribus consulatu, ut tation nominati eos. Rebum dicat no eos, delectus pertinax vim ut. At ponderum comprehensam vim, pro te ignota eripuit referrentur. Eu est amet nonumes vulputate.</p>\n\n<p>Affert adolescens constituam nec ex. Ut pri atomorum cotidieque. Te quo nisl facete eripuit. Eam mundi consectetuer no, natum praesent patrioque mea ad, dico falli percipit id qui.</p>\n\n<p>Pro semper numquam blandit ei. Verear saperet liberavisse cu est, aeterno accumsan intellegebat pro cu. Posse accusata in mel, agam probo epicurei ei quo. Graeci omittam perfecto et sea, has ei quando explicari mediocritatem, ne commune postulant liberavisse cum. Persius maiestatis vim ne, elit movet ubique ad his, id ceteros erroribus est. Simul officiis tacimates vix cu. No ipsum malorum vix.</p>\n\n<p>Duis mollis et vis, mollis aeterno alienum mel cu, sea animal laoreet tibique ei. Mel reque perpetua comprehensam no, harum mucius ea eos. Discere nominati partiendo pri te. Quem facilisi id quo. No graece menandri dissentiet qui, solet comprehensam ei eam. Accumsan detraxit ullamcorper an per.</p>\n\n<p>Ut consetetur vituperata his, ad inimicus erroribus has, in quando impedit vix. Eum ad mazim nonumes. Ubique veritus duo an, cu eos scripta mentitum salutatus, sed dolorum gloriatur ne. Eu vix gloriatur efficiendi, eu porro malorum aliquando eum.</p>\n"
  }
},
{
  "pk": 14, 
  "model": "djangocms_text_ckeditor.text", 
  "fields": {
    "body": "<p>Lorem ipsum dolor sit amet, diam philosophia ne nec. Eum tamquam discere molestie ne, an quem autem vivendum ius. Te duo unum delicata. Mel et iusto probatus menandri, sea et nobis eruditi liberavisse, facilisi legendos expetendis eam ut.</p>\n\n<p>In libris ridens vel, sed ei modus viris tacimates. Vim partem causae volumus in, probo dicat blandit in cum. Mundi feugait no est. Quo quaeque referrentur id, vis ad meis melius.</p>\n"
  }
},
{
  "pk": 15, 
  "model": "djangocms_text_ckeditor.text", 
  "fields": {
    "body": "<p>Lorem ipsum dolor sit amet, diam philosophia ne nec. Eum tamquam discere molestie ne, an quem autem vivendum ius. Te duo unum delicata. Mel et iusto probatus menandri, sea et nobis eruditi liberavisse, facilisi legendos expetendis eam ut.</p>\n\n<p>In libris ridens vel, sed ei modus viris tacimates. Vim partem causae volumus in, probo dicat blandit in cum. Mundi feugait no est. Quo quaeque referrentur id, vis ad meis melius.</p>\n"
  }
},
{
  "pk": 1, 
  "model": "cms.placeholder", 
  "fields": {
    "slot": "clipboard", 
    "default_width": null
  }
},
{
  "pk": 2, 
  "model": "cms.placeholder", 
  "fields": {
    "slot": "content", 
    "default_width": null
  }
},
{
  "pk": 3, 
  "model": "cms.placeholder", 
  "fields": {
    "slot": "content", 
    "default_width": null
  }
},
{
  "pk": 4, 
  "model": "cms.placeholder", 
  "fields": {
    "slot": "footer-text", 
    "default_width": null
  }
},
{
  "pk": 5, 
  "model": "cms.placeholder", 
  "fields": {
    "slot": "footer-text", 
    "default_width": null
  }
},
{
  "pk": 6, 
  "model": "cms.placeholder", 
  "fields": {
    "slot": "content", 
    "default_width": null
  }
},
{
  "pk": 7, 
  "model": "cms.placeholder", 
  "fields": {
    "slot": "footer-text", 
    "default_width": null
  }
},
{
  "pk": 8, 
  "model": "cms.placeholder", 
  "fields": {
    "slot": "content", 
    "default_width": null
  }
},
{
  "pk": 9, 
  "model": "cms.placeholder", 
  "fields": {
    "slot": "footer-text", 
    "default_width": null
  }
},
{
  "pk": 10, 
  "model": "cms.placeholder", 
  "fields": {
    "slot": "content", 
    "default_width": null
  }
},
{
  "pk": 11, 
  "model": "cms.placeholder", 
  "fields": {
    "slot": "footer-text", 
    "default_width": null
  }
},
{
  "pk": 12, 
  "model": "cms.placeholder", 
  "fields": {
    "slot": "content", 
    "default_width": null
  }
},
{
  "pk": 13, 
  "model": "cms.placeholder", 
  "fields": {
    "slot": "footer-text", 
    "default_width": null
  }
},
{
  "pk": 14, 
  "model": "cms.placeholder", 
  "fields": {
    "slot": "content", 
    "default_width": null
  }
},
{
  "pk": 15, 
  "model": "cms.placeholder", 
  "fields": {
    "slot": "footer-text", 
    "default_width": null
  }
},
{
  "pk": 16, 
  "model": "cms.placeholder", 
  "fields": {
    "slot": "content", 
    "default_width": null
  }
},
{
  "pk": 17, 
  "model": "cms.placeholder", 
  "fields": {
    "slot": "footer-text", 
    "default_width": null
  }
},
{
  "pk": 1, 
  "model": "cms.cmsplugin", 
  "fields": {
    "rght": 2, 
    "changed_date": "2014-12-03T22:19:53Z", 
    "parent": null, 
    "language": "en", 
    "level": 0, 
    "creation_date": "2014-12-03T22:18:20Z", 
    "lft": 1, 
    "tree_id": 1, 
    "position": 0, 
    "placeholder": 4, 
    "plugin_type": "TextPlugin"
  }
},
{
  "pk": 3, 
  "model": "cms.cmsplugin", 
  "fields": {
    "rght": 4, 
    "changed_date": "2014-12-03T22:37:24Z", 
    "parent": null, 
    "language": "en", 
    "level": 0, 
    "creation_date": "2014-12-03T22:33:26Z", 
    "lft": 1, 
    "tree_id": 3, 
    "position": 0, 
    "placeholder": 6, 
    "plugin_type": "TextPlugin"
  }
},
{
  "pk": 4, 
  "model": "cms.cmsplugin", 
  "fields": {
    "rght": 3, 
    "changed_date": "2014-12-03T22:37:18Z", 
    "parent": 3, 
    "language": "en", 
    "level": 1, 
    "creation_date": "2014-12-03T22:36:28Z", 
    "lft": 2, 
    "tree_id": 3, 
    "position": 0, 
    "placeholder": 6, 
    "plugin_type": "LinkPlugin"
  }
},
{
  "pk": 5, 
  "model": "cms.cmsplugin", 
  "fields": {
    "rght": 2, 
    "changed_date": "2014-12-03T22:39:38Z", 
    "parent": null, 
    "language": "en", 
    "level": 0, 
    "creation_date": "2014-12-03T22:37:33Z", 
    "lft": 1, 
    "tree_id": 4, 
    "position": 2, 
    "placeholder": 6, 
    "plugin_type": "GoogleMapPlugin"
  }
},
{
  "pk": 6, 
  "model": "cms.cmsplugin", 
  "fields": {
    "rght": 4, 
    "changed_date": "2014-12-03T22:39:51Z", 
    "parent": null, 
    "language": "en", 
    "level": 0, 
    "creation_date": "2014-12-03T22:33:26Z", 
    "lft": 1, 
    "tree_id": 5, 
    "position": 0, 
    "placeholder": 8, 
    "plugin_type": "TextPlugin"
  }
},
{
  "pk": 7, 
  "model": "cms.cmsplugin", 
  "fields": {
    "rght": 3, 
    "changed_date": "2014-12-03T22:39:51Z", 
    "parent": 6, 
    "language": "en", 
    "level": 1, 
    "creation_date": "2014-12-03T22:36:28Z", 
    "lft": 2, 
    "tree_id": 5, 
    "position": 0, 
    "placeholder": 8, 
    "plugin_type": "LinkPlugin"
  }
},
{
  "pk": 8, 
  "model": "cms.cmsplugin", 
  "fields": {
    "rght": 2, 
    "changed_date": "2014-12-03T22:39:51Z", 
    "parent": null, 
    "language": "en", 
    "level": 0, 
    "creation_date": "2014-12-03T22:37:33Z", 
    "lft": 1, 
    "tree_id": 6, 
    "position": 2, 
    "placeholder": 8, 
    "plugin_type": "GoogleMapPlugin"
  }
},
{
  "pk": 9, 
  "model": "cms.cmsplugin", 
  "fields": {
    "rght": 2, 
    "changed_date": "2014-12-03T22:43:08Z", 
    "parent": null, 
    "language": "en", 
    "level": 0, 
    "creation_date": "2014-12-03T22:42:54Z", 
    "lft": 1, 
    "tree_id": 7, 
    "position": 0, 
    "placeholder": 2, 
    "plugin_type": "TextPlugin"
  }
},
{
  "pk": 10, 
  "model": "cms.cmsplugin", 
  "fields": {
    "rght": 2, 
    "changed_date": "2014-12-03T22:43:17Z", 
    "parent": null, 
    "language": "en", 
    "level": 0, 
    "creation_date": "2014-12-03T22:42:54Z", 
    "lft": 1, 
    "tree_id": 8, 
    "position": 0, 
    "placeholder": 3, 
    "plugin_type": "TextPlugin"
  }
},
{
  "pk": 11, 
  "model": "cms.cmsplugin", 
  "fields": {
    "rght": 2, 
    "changed_date": "2014-12-03T22:43:17Z", 
    "parent": null, 
    "language": "en", 
    "level": 0, 
    "creation_date": "2014-12-03T22:18:20Z", 
    "lft": 1, 
    "tree_id": 9, 
    "position": 0, 
    "placeholder": 5, 
    "plugin_type": "TextPlugin"
  }
},
{
  "pk": 12, 
  "model": "cms.cmsplugin", 
  "fields": {
    "rght": 2, 
    "changed_date": "2014-12-03T22:44:43Z", 
    "parent": null, 
    "language": "en", 
    "level": 0, 
    "creation_date": "2014-12-03T22:44:33Z", 
    "lft": 1, 
    "tree_id": 10, 
    "position": 0, 
    "placeholder": 10, 
    "plugin_type": "TextPlugin"
  }
},
{
  "pk": 13, 
  "model": "cms.cmsplugin", 
  "fields": {
    "rght": 2, 
    "changed_date": "2014-12-03T22:44:51Z", 
    "parent": null, 
    "language": "en", 
    "level": 0, 
    "creation_date": "2014-12-03T22:44:33Z", 
    "lft": 1, 
    "tree_id": 11, 
    "position": 0, 
    "placeholder": 12, 
    "plugin_type": "TextPlugin"
  }
},
{
  "pk": 14, 
  "model": "cms.cmsplugin", 
  "fields": {
    "rght": 2, 
    "changed_date": "2014-12-03T22:45:44Z", 
    "parent": null, 
    "language": "en", 
    "level": 0, 
    "creation_date": "2014-12-03T22:45:15Z", 
    "lft": 1, 
    "tree_id": 12, 
    "position": 0, 
    "placeholder": 14, 
    "plugin_type": "TextPlugin"
  }
},
{
  "pk": 15, 
  "model": "cms.cmsplugin", 
  "fields": {
    "rght": 2, 
    "changed_date": "2014-12-03T22:46:20Z", 
    "parent": null, 
    "language": "en", 
    "level": 0, 
    "creation_date": "2014-12-03T22:45:15Z", 
    "lft": 1, 
    "tree_id": 13, 
    "position": 0, 
    "placeholder": 16, 
    "plugin_type": "TextPlugin"
  }
},
{
  "pk": 1, 
  "model": "cms.page", 
  "fields": {
    "rght": 8, 
    "navigation_extenders": "", 
    "site": 1, 
    "application_namespace": null, 
    "lft": 1, 
    "in_navigation": true, 
    "reverse_id": null, 
    "login_required": false, 
    "created_by": "admin", 
    "languages": "en", 
    "publication_end_date": null, 
    "template": "home.html", 
    "tree_id": 1, 
    "placeholders": [
      2, 
      4
    ], 
    "changed_date": "2014-12-03T22:43:18Z", 
    "limit_visibility_in_menu": null, 
    "parent": null, 
    "soft_root": false, 
    "is_home": true, 
    "publication_date": "2014-12-03T22:16:55Z", 
    "creation_date": "2014-12-03T22:16:55Z", 
    "publisher_public": 2, 
    "level": 0, 
    "changed_by": "admin", 
    "application_urls": "", 
    "publisher_is_draft": true, 
    "xframe_options": 0, 
    "revision_id": 0
  }
},
{
  "pk": 2, 
  "model": "cms.page", 
  "fields": {
    "rght": 8, 
    "navigation_extenders": "", 
    "site": 1, 
    "application_namespace": null, 
    "lft": 1, 
    "in_navigation": true, 
    "reverse_id": null, 
    "login_required": false, 
    "created_by": "admin", 
    "languages": "en", 
    "publication_end_date": null, 
    "template": "home.html", 
    "tree_id": 2, 
    "placeholders": [
      3, 
      5
    ], 
    "changed_date": "2014-12-03T22:43:17Z", 
    "limit_visibility_in_menu": null, 
    "parent": null, 
    "soft_root": false, 
    "is_home": true, 
    "publication_date": "2014-12-03T22:16:55Z", 
    "creation_date": "2014-12-03T22:16:55Z", 
    "publisher_public": 1, 
    "level": 0, 
    "changed_by": "admin", 
    "application_urls": "", 
    "publisher_is_draft": false, 
    "xframe_options": 0, 
    "revision_id": 0
  }
},
{
  "pk": 3, 
  "model": "cms.page", 
  "fields": {
    "rght": 7, 
    "navigation_extenders": "", 
    "site": 1, 
    "application_namespace": null, 
    "lft": 2, 
    "in_navigation": true, 
    "reverse_id": null, 
    "login_required": false, 
    "created_by": "admin", 
    "languages": "en", 
    "publication_end_date": null, 
    "template": "text.html", 
    "tree_id": 1, 
    "placeholders": [
      6, 
      7
    ], 
    "changed_date": "2014-12-03T22:39:51Z", 
    "limit_visibility_in_menu": null, 
    "parent": 1, 
    "soft_root": false, 
    "is_home": false, 
    "publication_date": "2014-12-03T22:29:43Z", 
    "creation_date": "2014-12-03T22:28:19Z", 
    "publisher_public": 4, 
    "level": 1, 
    "changed_by": "admin", 
    "application_urls": "", 
    "publisher_is_draft": true, 
    "xframe_options": 0, 
    "revision_id": 0
  }
},
{
  "pk": 4, 
  "model": "cms.page", 
  "fields": {
    "rght": 7, 
    "navigation_extenders": "", 
    "site": 1, 
    "application_namespace": null, 
    "lft": 2, 
    "in_navigation": true, 
    "reverse_id": null, 
    "login_required": false, 
    "created_by": "admin", 
    "languages": "en", 
    "publication_end_date": null, 
    "template": "text.html", 
    "tree_id": 2, 
    "placeholders": [
      8, 
      9
    ], 
    "changed_date": "2014-12-03T22:39:51Z", 
    "limit_visibility_in_menu": null, 
    "parent": 2, 
    "soft_root": false, 
    "is_home": false, 
    "publication_date": "2014-12-03T22:29:43Z", 
    "creation_date": "2014-12-03T22:29:43Z", 
    "publisher_public": 3, 
    "level": 1, 
    "changed_by": "admin", 
    "application_urls": "", 
    "publisher_is_draft": false, 
    "xframe_options": 0, 
    "revision_id": 0
  }
},
{
  "pk": 5, 
  "model": "cms.page", 
  "fields": {
    "rght": 4, 
    "navigation_extenders": null, 
    "site": 1, 
    "application_namespace": null, 
    "lft": 3, 
    "in_navigation": true, 
    "reverse_id": null, 
    "login_required": false, 
    "created_by": "admin", 
    "languages": "en", 
    "publication_end_date": null, 
    "template": "INHERIT", 
    "tree_id": 1, 
    "placeholders": [
      10, 
      11
    ], 
    "changed_date": "2014-12-03T22:44:51Z", 
    "limit_visibility_in_menu": null, 
    "parent": 3, 
    "soft_root": false, 
    "is_home": false, 
    "publication_date": "2014-12-03T22:30:20Z", 
    "creation_date": "2014-12-03T22:30:05Z", 
    "publisher_public": 6, 
    "level": 2, 
    "changed_by": "admin", 
    "application_urls": null, 
    "publisher_is_draft": true, 
    "xframe_options": 0, 
    "revision_id": 0
  }
},
{
  "pk": 6, 
  "model": "cms.page", 
  "fields": {
    "rght": 4, 
    "navigation_extenders": null, 
    "site": 1, 
    "application_namespace": null, 
    "lft": 3, 
    "in_navigation": true, 
    "reverse_id": null, 
    "login_required": false, 
    "created_by": "admin", 
    "languages": "en", 
    "publication_end_date": null, 
    "template": "INHERIT", 
    "tree_id": 2, 
    "placeholders": [
      12, 
      13
    ], 
    "changed_date": "2014-12-03T22:44:51Z", 
    "limit_visibility_in_menu": null, 
    "parent": 4, 
    "soft_root": false, 
    "is_home": false, 
    "publication_date": "2014-12-03T22:30:20Z", 
    "creation_date": "2014-12-03T22:30:20Z", 
    "publisher_public": 5, 
    "level": 2, 
    "changed_by": "admin", 
    "application_urls": null, 
    "publisher_is_draft": false, 
    "xframe_options": 0, 
    "revision_id": 0
  }
},
{
  "pk": 7, 
  "model": "cms.page", 
  "fields": {
    "rght": 6, 
    "navigation_extenders": null, 
    "site": 1, 
    "application_namespace": null, 
    "lft": 5, 
    "in_navigation": true, 
    "reverse_id": null, 
    "login_required": false, 
    "created_by": "admin", 
    "languages": "en", 
    "publication_end_date": null, 
    "template": "INHERIT", 
    "tree_id": 1, 
    "placeholders": [
      14, 
      15
    ], 
    "changed_date": "2014-12-03T22:46:20Z", 
    "limit_visibility_in_menu": null, 
    "parent": 3, 
    "soft_root": false, 
    "is_home": false, 
    "publication_date": "2014-12-03T22:30:55Z", 
    "creation_date": "2014-12-03T22:30:41Z", 
    "publisher_public": 8, 
    "level": 2, 
    "changed_by": "admin", 
    "application_urls": null, 
    "publisher_is_draft": true, 
    "xframe_options": 0, 
    "revision_id": 0
  }
},
{
  "pk": 8, 
  "model": "cms.page", 
  "fields": {
    "rght": 6, 
    "navigation_extenders": null, 
    "site": 1, 
    "application_namespace": null, 
    "lft": 5, 
    "in_navigation": true, 
    "reverse_id": null, 
    "login_required": false, 
    "created_by": "admin", 
    "languages": "en", 
    "publication_end_date": null, 
    "template": "INHERIT", 
    "tree_id": 2, 
    "placeholders": [
      16, 
      17
    ], 
    "changed_date": "2014-12-03T22:46:20Z", 
    "limit_visibility_in_menu": null, 
    "parent": 4, 
    "soft_root": false, 
    "is_home": false, 
    "publication_date": "2014-12-03T22:30:55Z", 
    "creation_date": "2014-12-03T22:30:55Z", 
    "publisher_public": 7, 
    "level": 2, 
    "changed_by": "admin", 
    "application_urls": null, 
    "publisher_is_draft": false, 
    "xframe_options": 0, 
    "revision_id": 0
  }
},
{
  "pk": 1, 
  "model": "cms.title", 
  "fields": {
    "menu_title": "", 
    "meta_description": "", 
    "page_title": "", 
    "language": "en", 
    "title": "Home", 
    "has_url_overwrite": false, 
    "redirect": "", 
    "publisher_is_draft": true, 
    "page": 1, 
    "published": true, 
    "path": "", 
    "publisher_state": 0, 
    "creation_date": "2014-12-03T22:16:55Z", 
    "slug": "home", 
    "publisher_public": 2
  }
},
{
  "pk": 2, 
  "model": "cms.title", 
  "fields": {
    "menu_title": "", 
    "meta_description": "", 
    "page_title": "", 
    "language": "en", 
    "title": "Home", 
    "has_url_overwrite": false, 
    "redirect": "", 
    "publisher_is_draft": false, 
    "page": 2, 
    "published": true, 
    "path": "", 
    "publisher_state": 1, 
    "creation_date": "2014-12-03T22:16:55Z", 
    "slug": "home", 
    "publisher_public": 1
  }
},
{
  "pk": 3, 
  "model": "cms.title", 
  "fields": {
    "menu_title": "", 
    "meta_description": "", 
    "page_title": "", 
    "language": "en", 
    "title": "One", 
    "has_url_overwrite": false, 
    "redirect": "", 
    "publisher_is_draft": true, 
    "page": 3, 
    "published": true, 
    "path": "one", 
    "publisher_state": 0, 
    "creation_date": "2014-12-03T22:28:19Z", 
    "slug": "one", 
    "publisher_public": 4
  }
},
{
  "pk": 4, 
  "model": "cms.title", 
  "fields": {
    "menu_title": "", 
    "meta_description": "", 
    "page_title": "", 
    "language": "en", 
    "title": "One", 
    "has_url_overwrite": false, 
    "redirect": "", 
    "publisher_is_draft": false, 
    "page": 4, 
    "published": true, 
    "path": "one", 
    "publisher_state": 1, 
    "creation_date": "2014-12-03T22:28:19Z", 
    "slug": "one", 
    "publisher_public": 3
  }
},
{
  "pk": 5, 
  "model": "cms.title", 
  "fields": {
    "menu_title": "", 
    "meta_description": "", 
    "page_title": "", 
    "language": "en", 
    "title": "Two", 
    "has_url_overwrite": false, 
    "redirect": null, 
    "publisher_is_draft": true, 
    "page": 5, 
    "published": true, 
    "path": "one/two", 
    "publisher_state": 0, 
    "creation_date": "2014-12-03T22:30:05Z", 
    "slug": "two", 
    "publisher_public": 6
  }
},
{
  "pk": 6, 
  "model": "cms.title", 
  "fields": {
    "menu_title": "", 
    "meta_description": "", 
    "page_title": "", 
    "language": "en", 
    "title": "Two", 
    "has_url_overwrite": false, 
    "redirect": null, 
    "publisher_is_draft": false, 
    "page": 6, 
    "published": true, 
    "path": "one/two", 
    "publisher_state": 1, 
    "creation_date": "2014-12-03T22:30:05Z", 
    "slug": "two", 
    "publisher_public": 5
  }
},
{
  "pk": 7, 
  "model": "cms.title", 
  "fields": {
    "menu_title": "", 
    "meta_description": "", 
    "page_title": "", 
    "language": "en", 
    "title": "Three", 
    "has_url_overwrite": false, 
    "redirect": null, 
    "publisher_is_draft": true, 
    "page": 7, 
    "published": true, 
    "path": "one/three", 
    "publisher_state": 0, 
    "creation_date": "2014-12-03T22:30:41Z", 
    "slug": "three", 
    "publisher_public": 8
  }
},
{
  "pk": 8, 
  "model": "cms.title", 
  "fields": {
    "menu_title": "", 
    "meta_description": "", 
    "page_title": "", 
    "language": "en", 
    "title": "Three", 
    "has_url_overwrite": false, 
    "redirect": null, 
    "publisher_is_draft": false, 
    "page": 8, 
    "published": true, 
    "path": "one/three", 
    "publisher_state": 1, 
    "creation_date": "2014-12-03T22:30:41Z", 
    "slug": "three", 
    "publisher_public": 7
  }
},
{
  "pk": 5, 
  "model": "djangocms_googlemap.googlemap", 
  "fields": {
    "city": "Matteson, IL", 
    "keyboard_shortcuts": true, 
    "street_view_control": true, 
    "title": "Matteson Community Center", 
    "info_window": true, 
    "zoom_control": true, 
    "scrollwheel": true, 
    "zoom": 13, 
    "zipcode": "60443", 
    "content": "", 
    "width": "100%", 
    "route_planer_title": "Calculate your fastest way to here", 
    "pan_control": true, 
    "draggable": true, 
    "route_planer": false, 
    "address": "20642 Matteson Ave", 
    "lat": null, 
    "lng": null, 
    "height": "400px", 
    "double_click_zoom": true
  }
},
{
  "pk": 8, 
  "model": "djangocms_googlemap.googlemap", 
  "fields": {
    "city": "Matteson, IL", 
    "keyboard_shortcuts": true, 
    "street_view_control": true, 
    "title": "Matteson Community Center", 
    "info_window": true, 
    "zoom_control": true, 
    "scrollwheel": true, 
    "zoom": 13, 
    "zipcode": "60443", 
    "content": "", 
    "width": "100%", 
    "route_planer_title": "Calculate your fastest way to here", 
    "pan_control": true, 
    "draggable": true, 
    "route_planer": false, 
    "address": "20642 Matteson Ave", 
    "lat": null, 
    "lng": null, 
    "height": "400px", 
    "double_click_zoom": true
  }
},
{
  "pk": 4, 
  "model": "djangocms_link.link", 
  "fields": {
    "mailto": "", 
    "name": "Matteson Community Center", 
    "url": "http://www.mattesoncommunitycenter.com/", 
    "page_link": null, 
    "phone": "", 
    "anchor": "", 
    "target": "_blank"
  }
},
{
  "pk": 7, 
  "model": "djangocms_link.link", 
  "fields": {
    "mailto": "", 
    "name": "Matteson Community Center", 
    "url": "http://www.mattesoncommunitycenter.com/", 
    "page_link": null, 
    "phone": "", 
    "anchor": "", 
    "target": "_blank"
  }
},
{
  "pk": 1, 
  "model": "reversion.version", 
  "fields": {
    "format": "json", 
    "object_repr": "Home", 
    "object_id": "1", 
    "content_type": 12, 
    "object_id_int": 1, 
    "serialized_data": "[{\"pk\": 1, \"model\": \"cms.page\", \"fields\": {\"rght\": 2, \"navigation_extenders\": null, \"site\": 1, \"application_namespace\": null, \"lft\": 1, \"in_navigation\": true, \"reverse_id\": null, \"login_required\": false, \"created_by\": \"admin\", \"languages\": \"en\", \"publication_end_date\": null, \"template\": \"INHERIT\", \"tree_id\": 1, \"placeholders\": [2], \"changed_date\": \"2014-12-03T22:16:56.063Z\", \"limit_visibility_in_menu\": null, \"parent\": null, \"soft_root\": false, \"is_home\": true, \"publication_date\": \"2014-12-03T22:16:55.783Z\", \"creation_date\": \"2014-12-03T22:16:55.629Z\", \"level\": 0, \"changed_by\": \"admin\", \"application_urls\": null, \"xframe_options\": 0, \"revision_id\": 0}}]", 
    "revision": 1
  }
},
{
  "pk": 2, 
  "model": "reversion.version", 
  "fields": {
    "format": "json", 
    "object_repr": "content", 
    "object_id": "2", 
    "content_type": 10, 
    "object_id_int": 2, 
    "serialized_data": "[{\"pk\": 2, \"model\": \"cms.placeholder\", \"fields\": {\"slot\": \"content\", \"default_width\": null}}]", 
    "revision": 1
  }
},
{
  "pk": 3, 
  "model": "reversion.version", 
  "fields": {
    "format": "json", 
    "object_repr": "Home (home, en)", 
    "object_id": "1", 
    "content_type": 17, 
    "object_id_int": 1, 
    "serialized_data": "[{\"pk\": 1, \"model\": \"cms.title\", \"fields\": {\"menu_title\": \"\", \"meta_description\": \"\", \"page_title\": \"\", \"language\": \"en\", \"title\": \"Home\", \"has_url_overwrite\": false, \"redirect\": null, \"publisher_is_draft\": true, \"page\": 1, \"published\": true, \"path\": \"\", \"publisher_state\": 0, \"creation_date\": \"2014-12-03T22:16:55Z\", \"slug\": \"home\", \"publisher_public\": null}}]", 
    "revision": 1
  }
},
{
  "pk": 4, 
  "model": "reversion.version", 
  "fields": {
    "format": "json", 
    "object_repr": "Home", 
    "object_id": "1", 
    "content_type": 12, 
    "object_id_int": 1, 
    "serialized_data": "[{\"pk\": 1, \"model\": \"cms.page\", \"fields\": {\"rght\": 2, \"navigation_extenders\": \"\", \"site\": 1, \"application_namespace\": null, \"lft\": 1, \"in_navigation\": true, \"reverse_id\": null, \"login_required\": false, \"created_by\": \"admin\", \"languages\": \"en\", \"publication_end_date\": null, \"template\": \"home.html\", \"tree_id\": 1, \"placeholders\": [2, 4], \"changed_date\": \"2014-12-03T22:17:32.568Z\", \"limit_visibility_in_menu\": null, \"parent\": null, \"soft_root\": false, \"is_home\": true, \"publication_date\": \"2014-12-03T22:16:55Z\", \"creation_date\": \"2014-12-03T22:16:55Z\", \"level\": 0, \"changed_by\": \"admin\", \"application_urls\": \"\", \"xframe_options\": 0, \"revision_id\": 0}}]", 
    "revision": 2
  }
},
{
  "pk": 5, 
  "model": "reversion.version", 
  "fields": {
    "format": "json", 
    "object_repr": "content", 
    "object_id": "2", 
    "content_type": 10, 
    "object_id_int": 2, 
    "serialized_data": "[{\"pk\": 2, \"model\": \"cms.placeholder\", \"fields\": {\"slot\": \"content\", \"default_width\": null}}]", 
    "revision": 2
  }
},
{
  "pk": 6, 
  "model": "reversion.version", 
  "fields": {
    "format": "json", 
    "object_repr": "footer-text", 
    "object_id": "4", 
    "content_type": 10, 
    "object_id_int": 4, 
    "serialized_data": "[{\"pk\": 4, \"model\": \"cms.placeholder\", \"fields\": {\"slot\": \"footer-text\", \"default_width\": null}}]", 
    "revision": 2
  }
},
{
  "pk": 7, 
  "model": "reversion.version", 
  "fields": {
    "format": "json", 
    "object_repr": "Home (home, en)", 
    "object_id": "1", 
    "content_type": 17, 
    "object_id_int": 1, 
    "serialized_data": "[{\"pk\": 1, \"model\": \"cms.title\", \"fields\": {\"menu_title\": \"\", \"meta_description\": \"\", \"page_title\": \"\", \"language\": \"en\", \"title\": \"Home\", \"has_url_overwrite\": false, \"redirect\": \"\", \"publisher_is_draft\": true, \"page\": 1, \"published\": true, \"path\": \"\", \"publisher_state\": 1, \"creation_date\": \"2014-12-03T22:16:55Z\", \"slug\": \"home\", \"publisher_public\": null}}]", 
    "revision": 2
  }
},
{
  "pk": 8, 
  "model": "reversion.version", 
  "fields": {
    "format": "json", 
    "object_repr": "Home", 
    "object_id": "1", 
    "content_type": 12, 
    "object_id_int": 1, 
    "serialized_data": "[{\"pk\": 1, \"model\": \"cms.page\", \"fields\": {\"rght\": 2, \"navigation_extenders\": \"\", \"site\": 1, \"application_namespace\": null, \"lft\": 1, \"in_navigation\": true, \"reverse_id\": null, \"login_required\": false, \"created_by\": \"admin\", \"languages\": \"en\", \"publication_end_date\": null, \"template\": \"home.html\", \"tree_id\": 1, \"placeholders\": [2, 4], \"changed_date\": \"2014-12-03T22:17:32Z\", \"limit_visibility_in_menu\": null, \"parent\": null, \"soft_root\": false, \"is_home\": true, \"publication_date\": \"2014-12-03T22:16:55Z\", \"creation_date\": \"2014-12-03T22:16:55Z\", \"level\": 0, \"changed_by\": \"admin\", \"application_urls\": \"\", \"xframe_options\": 0, \"revision_id\": 0}}]", 
    "revision": 3
  }
},
{
  "pk": 9, 
  "model": "reversion.version", 
  "fields": {
    "format": "json", 
    "object_repr": "content", 
    "object_id": "2", 
    "content_type": 10, 
    "object_id_int": 2, 
    "serialized_data": "[{\"pk\": 2, \"model\": \"cms.placeholder\", \"fields\": {\"slot\": \"content\", \"default_width\": null}}]", 
    "revision": 3
  }
},
{
  "pk": 10, 
  "model": "reversion.version", 
  "fields": {
    "format": "json", 
    "object_repr": "footer-text", 
    "object_id": "4", 
    "content_type": 10, 
    "object_id_int": 4, 
    "serialized_data": "[{\"pk\": 4, \"model\": \"cms.placeholder\", \"fields\": {\"slot\": \"footer-text\", \"default_width\": null}}]", 
    "revision": 3
  }
},
{
  "pk": 11, 
  "model": "reversion.version", 
  "fields": {
    "format": "json", 
    "object_repr": "Home (home, en)", 
    "object_id": "1", 
    "content_type": 17, 
    "object_id_int": 1, 
    "serialized_data": "[{\"pk\": 1, \"model\": \"cms.title\", \"fields\": {\"menu_title\": \"\", \"meta_description\": \"\", \"page_title\": \"\", \"language\": \"en\", \"title\": \"Home\", \"has_url_overwrite\": false, \"redirect\": \"\", \"publisher_is_draft\": true, \"page\": 1, \"published\": true, \"path\": \"\", \"publisher_state\": 1, \"creation_date\": \"2014-12-03T22:16:55Z\", \"slug\": \"home\", \"publisher_public\": 2}}]", 
    "revision": 3
  }
},
{
  "pk": 12, 
  "model": "reversion.version", 
  "fields": {
    "format": "json", 
    "object_repr": "1", 
    "object_id": "1", 
    "content_type": 11, 
    "object_id_int": 1, 
    "serialized_data": "[{\"pk\": 1, \"model\": \"cms.cmsplugin\", \"fields\": {\"rght\": 2, \"changed_date\": \"2014-12-03T22:18:20Z\", \"parent\": null, \"language\": \"en\", \"level\": 0, \"creation_date\": \"2014-12-03T22:18:20Z\", \"lft\": 1, \"tree_id\": 1, \"position\": 0, \"placeholder\": 4, \"plugin_type\": \"TextPlugin\"}}]", 
    "revision": 3
  }
},
{
  "pk": 13, 
  "model": "reversion.version", 
  "fields": {
    "format": "json", 
    "object_repr": "Home", 
    "object_id": "1", 
    "content_type": 12, 
    "object_id_int": 1, 
    "serialized_data": "[{\"pk\": 1, \"model\": \"cms.page\", \"fields\": {\"rght\": 2, \"navigation_extenders\": \"\", \"site\": 1, \"application_namespace\": null, \"lft\": 1, \"in_navigation\": true, \"reverse_id\": null, \"login_required\": false, \"created_by\": \"admin\", \"languages\": \"en\", \"publication_end_date\": null, \"template\": \"home.html\", \"tree_id\": 1, \"placeholders\": [2, 4], \"changed_date\": \"2014-12-03T22:18:20Z\", \"limit_visibility_in_menu\": null, \"parent\": null, \"soft_root\": false, \"is_home\": true, \"publication_date\": \"2014-12-03T22:16:55Z\", \"creation_date\": \"2014-12-03T22:16:55Z\", \"level\": 0, \"changed_by\": \"admin\", \"application_urls\": \"\", \"xframe_options\": 0, \"revision_id\": 0}}]", 
    "revision": 4
  }
},
{
  "pk": 14, 
  "model": "reversion.version", 
  "fields": {
    "format": "json", 
    "object_repr": "content", 
    "object_id": "2", 
    "content_type": 10, 
    "object_id_int": 2, 
    "serialized_data": "[{\"pk\": 2, \"model\": \"cms.placeholder\", \"fields\": {\"slot\": \"content\", \"default_width\": null}}]", 
    "revision": 4
  }
},
{
  "pk": 15, 
  "model": "reversion.version", 
  "fields": {
    "format": "json", 
    "object_repr": "footer-text", 
    "object_id": "4", 
    "content_type": 10, 
    "object_id_int": 4, 
    "serialized_data": "[{\"pk\": 4, \"model\": \"cms.placeholder\", \"fields\": {\"slot\": \"footer-text\", \"default_width\": null}}]", 
    "revision": 4
  }
},
{
  "pk": 16, 
  "model": "reversion.version", 
  "fields": {
    "format": "json", 
    "object_repr": "Home (home, en)", 
    "object_id": "1", 
    "content_type": 17, 
    "object_id_int": 1, 
    "serialized_data": "[{\"pk\": 1, \"model\": \"cms.title\", \"fields\": {\"menu_title\": \"\", \"meta_description\": \"\", \"page_title\": \"\", \"language\": \"en\", \"title\": \"Home\", \"has_url_overwrite\": false, \"redirect\": \"\", \"publisher_is_draft\": true, \"page\": 1, \"published\": true, \"path\": \"\", \"publisher_state\": 1, \"creation_date\": \"2014-12-03T22:16:55Z\", \"slug\": \"home\", \"publisher_public\": 2}}]", 
    "revision": 4
  }
},
{
  "pk": 17, 
  "model": "reversion.version", 
  "fields": {
    "format": "json", 
    "object_repr": "1", 
    "object_id": "1", 
    "content_type": 11, 
    "object_id_int": 1, 
    "serialized_data": "[{\"pk\": 1, \"model\": \"cms.cmsplugin\", \"fields\": {\"rght\": 2, \"changed_date\": \"2014-12-03T22:19:53Z\", \"parent\": null, \"language\": \"en\", \"level\": 0, \"creation_date\": \"2014-12-03T22:18:20Z\", \"lft\": 1, \"tree_id\": 1, \"position\": 0, \"placeholder\": 4, \"plugin_type\": \"TextPlugin\"}}]", 
    "revision": 4
  }
},
{
  "pk": 18, 
  "model": "reversion.version", 
  "fields": {
    "format": "json", 
    "object_repr": "Maneki Neko Con...", 
    "object_id": "1", 
    "content_type": 1, 
    "object_id_int": 1, 
    "serialized_data": "[{\"pk\": 1, \"model\": \"djangocms_text_ckeditor.text\", \"fields\": {\"body\": \"<p>Maneki Neko Con is an all-ages science fiction, fantasy, anime, gaming, comics, and miscellaneous geeky fandom convention in Chicago's south suburbs.</p>\\n\"}}]", 
    "revision": 4
  }
},
{
  "pk": 19, 
  "model": "reversion.version", 
  "fields": {
    "format": "json", 
    "object_repr": "Home", 
    "object_id": "1", 
    "content_type": 12, 
    "object_id_int": 1, 
    "serialized_data": "[{\"pk\": 1, \"model\": \"cms.page\", \"fields\": {\"rght\": 2, \"navigation_extenders\": \"\", \"site\": 1, \"application_namespace\": null, \"lft\": 1, \"in_navigation\": true, \"reverse_id\": null, \"login_required\": false, \"created_by\": \"admin\", \"languages\": \"en\", \"publication_end_date\": null, \"template\": \"home.html\", \"tree_id\": 1, \"placeholders\": [2, 4], \"changed_date\": \"2014-12-03T22:20:02.613Z\", \"limit_visibility_in_menu\": null, \"parent\": null, \"soft_root\": false, \"is_home\": true, \"publication_date\": \"2014-12-03T22:16:55Z\", \"creation_date\": \"2014-12-03T22:16:55Z\", \"level\": 0, \"changed_by\": \"admin\", \"application_urls\": \"\", \"xframe_options\": 0, \"revision_id\": 0}}]", 
    "revision": 5
  }
},
{
  "pk": 20, 
  "model": "reversion.version", 
  "fields": {
    "format": "json", 
    "object_repr": "content", 
    "object_id": "2", 
    "content_type": 10, 
    "object_id_int": 2, 
    "serialized_data": "[{\"pk\": 2, \"model\": \"cms.placeholder\", \"fields\": {\"slot\": \"content\", \"default_width\": null}}]", 
    "revision": 5
  }
},
{
  "pk": 21, 
  "model": "reversion.version", 
  "fields": {
    "format": "json", 
    "object_repr": "footer-text", 
    "object_id": "4", 
    "content_type": 10, 
    "object_id_int": 4, 
    "serialized_data": "[{\"pk\": 4, \"model\": \"cms.placeholder\", \"fields\": {\"slot\": \"footer-text\", \"default_width\": null}}]", 
    "revision": 5
  }
},
{
  "pk": 22, 
  "model": "reversion.version", 
  "fields": {
    "format": "json", 
    "object_repr": "Home (home, en)", 
    "object_id": "1", 
    "content_type": 17, 
    "object_id_int": 1, 
    "serialized_data": "[{\"pk\": 1, \"model\": \"cms.title\", \"fields\": {\"menu_title\": \"\", \"meta_description\": \"\", \"page_title\": \"\", \"language\": \"en\", \"title\": \"Home\", \"has_url_overwrite\": false, \"redirect\": \"\", \"publisher_is_draft\": true, \"page\": 1, \"published\": true, \"path\": \"\", \"publisher_state\": 0, \"creation_date\": \"2014-12-03T22:16:55Z\", \"slug\": \"home\", \"publisher_public\": 2}}]", 
    "revision": 5
  }
},
{
  "pk": 23, 
  "model": "reversion.version", 
  "fields": {
    "format": "json", 
    "object_repr": "1", 
    "object_id": "1", 
    "content_type": 11, 
    "object_id_int": 1, 
    "serialized_data": "[{\"pk\": 1, \"model\": \"cms.cmsplugin\", \"fields\": {\"rght\": 2, \"changed_date\": \"2014-12-03T22:19:53Z\", \"parent\": null, \"language\": \"en\", \"level\": 0, \"creation_date\": \"2014-12-03T22:18:20Z\", \"lft\": 1, \"tree_id\": 1, \"position\": 0, \"placeholder\": 4, \"plugin_type\": \"TextPlugin\"}}]", 
    "revision": 5
  }
},
{
  "pk": 24, 
  "model": "reversion.version", 
  "fields": {
    "format": "json", 
    "object_repr": "Maneki Neko Con...", 
    "object_id": "1", 
    "content_type": 1, 
    "object_id_int": 1, 
    "serialized_data": "[{\"pk\": 1, \"model\": \"djangocms_text_ckeditor.text\", \"fields\": {\"body\": \"<p>Maneki Neko Con is an all-ages science fiction, fantasy, anime, gaming, comics, and miscellaneous geeky fandom convention in Chicago's south suburbs.</p>\\n\"}}]", 
    "revision": 5
  }
},
{
  "pk": 25, 
  "model": "reversion.version", 
  "fields": {
    "format": "json", 
    "object_repr": "One (one, en)", 
    "object_id": "3", 
    "content_type": 17, 
    "object_id_int": 3, 
    "serialized_data": "[{\"pk\": 3, \"model\": \"cms.title\", \"fields\": {\"menu_title\": \"\", \"meta_description\": \"\", \"page_title\": \"\", \"language\": \"en\", \"title\": \"One\", \"has_url_overwrite\": false, \"redirect\": null, \"publisher_is_draft\": true, \"page\": 3, \"published\": false, \"path\": \"one\", \"publisher_state\": 1, \"creation_date\": \"2014-12-03T22:28:19Z\", \"slug\": \"one\", \"publisher_public\": null}}]", 
    "revision": 6
  }
},
{
  "pk": 26, 
  "model": "reversion.version", 
  "fields": {
    "format": "json", 
    "object_repr": "One", 
    "object_id": "3", 
    "content_type": 12, 
    "object_id_int": 3, 
    "serialized_data": "[{\"pk\": 3, \"model\": \"cms.page\", \"fields\": {\"rght\": 3, \"navigation_extenders\": null, \"site\": 1, \"application_namespace\": null, \"lft\": 2, \"in_navigation\": true, \"reverse_id\": null, \"login_required\": false, \"created_by\": \"admin\", \"languages\": \"en\", \"publication_end_date\": null, \"template\": \"INHERIT\", \"tree_id\": 1, \"placeholders\": [6, 7], \"changed_date\": \"2014-12-03T22:28:19.240Z\", \"limit_visibility_in_menu\": null, \"parent\": 1, \"soft_root\": false, \"is_home\": false, \"publication_date\": null, \"creation_date\": \"2014-12-03T22:28:19.187Z\", \"level\": 1, \"changed_by\": \"admin\", \"application_urls\": null, \"xframe_options\": 0, \"revision_id\": 0}}]", 
    "revision": 6
  }
},
{
  "pk": 27, 
  "model": "reversion.version", 
  "fields": {
    "format": "json", 
    "object_repr": "content", 
    "object_id": "6", 
    "content_type": 10, 
    "object_id_int": 6, 
    "serialized_data": "[{\"pk\": 6, \"model\": \"cms.placeholder\", \"fields\": {\"slot\": \"content\", \"default_width\": null}}]", 
    "revision": 6
  }
},
{
  "pk": 28, 
  "model": "reversion.version", 
  "fields": {
    "format": "json", 
    "object_repr": "footer-text", 
    "object_id": "7", 
    "content_type": 10, 
    "object_id_int": 7, 
    "serialized_data": "[{\"pk\": 7, \"model\": \"cms.placeholder\", \"fields\": {\"slot\": \"footer-text\", \"default_width\": null}}]", 
    "revision": 6
  }
},
{
  "pk": 29, 
  "model": "reversion.version", 
  "fields": {
    "format": "json", 
    "object_repr": "One (one, en)", 
    "object_id": "3", 
    "content_type": 17, 
    "object_id_int": 3, 
    "serialized_data": "[{\"pk\": 3, \"model\": \"cms.title\", \"fields\": {\"menu_title\": \"\", \"meta_description\": \"\", \"page_title\": \"\", \"language\": \"en\", \"title\": \"One\", \"has_url_overwrite\": false, \"redirect\": \"\", \"publisher_is_draft\": true, \"page\": 3, \"published\": false, \"path\": \"one\", \"publisher_state\": 1, \"creation_date\": \"2014-12-03T22:28:19Z\", \"slug\": \"one\", \"publisher_public\": null}}]", 
    "revision": 7
  }
},
{
  "pk": 30, 
  "model": "reversion.version", 
  "fields": {
    "format": "json", 
    "object_repr": "One", 
    "object_id": "3", 
    "content_type": 12, 
    "object_id_int": 3, 
    "serialized_data": "[{\"pk\": 3, \"model\": \"cms.page\", \"fields\": {\"rght\": 3, \"navigation_extenders\": \"\", \"site\": 1, \"application_namespace\": null, \"lft\": 2, \"in_navigation\": true, \"reverse_id\": null, \"login_required\": false, \"created_by\": \"admin\", \"languages\": \"en\", \"publication_end_date\": null, \"template\": \"text.html\", \"tree_id\": 1, \"placeholders\": [6, 7], \"changed_date\": \"2014-12-03T22:28:41.066Z\", \"limit_visibility_in_menu\": null, \"parent\": 1, \"soft_root\": false, \"is_home\": false, \"publication_date\": null, \"creation_date\": \"2014-12-03T22:28:19Z\", \"level\": 1, \"changed_by\": \"admin\", \"application_urls\": \"\", \"xframe_options\": 0, \"revision_id\": 0}}]", 
    "revision": 7
  }
},
{
  "pk": 31, 
  "model": "reversion.version", 
  "fields": {
    "format": "json", 
    "object_repr": "content", 
    "object_id": "6", 
    "content_type": 10, 
    "object_id_int": 6, 
    "serialized_data": "[{\"pk\": 6, \"model\": \"cms.placeholder\", \"fields\": {\"slot\": \"content\", \"default_width\": null}}]", 
    "revision": 7
  }
},
{
  "pk": 32, 
  "model": "reversion.version", 
  "fields": {
    "format": "json", 
    "object_repr": "footer-text", 
    "object_id": "7", 
    "content_type": 10, 
    "object_id_int": 7, 
    "serialized_data": "[{\"pk\": 7, \"model\": \"cms.placeholder\", \"fields\": {\"slot\": \"footer-text\", \"default_width\": null}}]", 
    "revision": 7
  }
},
{
  "pk": 33, 
  "model": "reversion.version", 
  "fields": {
    "format": "json", 
    "object_repr": "One (one, en)", 
    "object_id": "3", 
    "content_type": 17, 
    "object_id_int": 3, 
    "serialized_data": "[{\"pk\": 3, \"model\": \"cms.title\", \"fields\": {\"menu_title\": \"\", \"meta_description\": \"\", \"page_title\": \"\", \"language\": \"en\", \"title\": \"One\", \"has_url_overwrite\": false, \"redirect\": \"\", \"publisher_is_draft\": true, \"page\": 3, \"published\": true, \"path\": \"one\", \"publisher_state\": 0, \"creation_date\": \"2014-12-03T22:28:19Z\", \"slug\": \"one\", \"publisher_public\": 4}}]", 
    "revision": 8
  }
},
{
  "pk": 34, 
  "model": "reversion.version", 
  "fields": {
    "format": "json", 
    "object_repr": "One", 
    "object_id": "3", 
    "content_type": 12, 
    "object_id_int": 3, 
    "serialized_data": "[{\"pk\": 3, \"model\": \"cms.page\", \"fields\": {\"rght\": 3, \"navigation_extenders\": \"\", \"site\": 1, \"application_namespace\": null, \"lft\": 2, \"in_navigation\": true, \"reverse_id\": null, \"login_required\": false, \"created_by\": \"admin\", \"languages\": \"en\", \"publication_end_date\": null, \"template\": \"text.html\", \"tree_id\": 1, \"placeholders\": [6, 7], \"changed_date\": \"2014-12-03T22:29:43.659Z\", \"limit_visibility_in_menu\": null, \"parent\": 1, \"soft_root\": false, \"is_home\": false, \"publication_date\": \"2014-12-03T22:29:43.475Z\", \"creation_date\": \"2014-12-03T22:28:19Z\", \"level\": 1, \"changed_by\": \"admin\", \"application_urls\": \"\", \"xframe_options\": 0, \"revision_id\": 0}}]", 
    "revision": 8
  }
},
{
  "pk": 35, 
  "model": "reversion.version", 
  "fields": {
    "format": "json", 
    "object_repr": "content", 
    "object_id": "6", 
    "content_type": 10, 
    "object_id_int": 6, 
    "serialized_data": "[{\"pk\": 6, \"model\": \"cms.placeholder\", \"fields\": {\"slot\": \"content\", \"default_width\": null}}]", 
    "revision": 8
  }
},
{
  "pk": 36, 
  "model": "reversion.version", 
  "fields": {
    "format": "json", 
    "object_repr": "footer-text", 
    "object_id": "7", 
    "content_type": 10, 
    "object_id_int": 7, 
    "serialized_data": "[{\"pk\": 7, \"model\": \"cms.placeholder\", \"fields\": {\"slot\": \"footer-text\", \"default_width\": null}}]", 
    "revision": 8
  }
},
{
  "pk": 37, 
  "model": "reversion.version", 
  "fields": {
    "format": "json", 
    "object_repr": "content", 
    "object_id": "10", 
    "content_type": 10, 
    "object_id_int": 10, 
    "serialized_data": "[{\"pk\": 10, \"model\": \"cms.placeholder\", \"fields\": {\"slot\": \"content\", \"default_width\": null}}]", 
    "revision": 9
  }
},
{
  "pk": 38, 
  "model": "reversion.version", 
  "fields": {
    "format": "json", 
    "object_repr": "footer-text", 
    "object_id": "11", 
    "content_type": 10, 
    "object_id_int": 11, 
    "serialized_data": "[{\"pk\": 11, \"model\": \"cms.placeholder\", \"fields\": {\"slot\": \"footer-text\", \"default_width\": null}}]", 
    "revision": 9
  }
},
{
  "pk": 39, 
  "model": "reversion.version", 
  "fields": {
    "format": "json", 
    "object_repr": "Two", 
    "object_id": "5", 
    "content_type": 12, 
    "object_id_int": 5, 
    "serialized_data": "[{\"pk\": 5, \"model\": \"cms.page\", \"fields\": {\"rght\": 4, \"navigation_extenders\": null, \"site\": 1, \"application_namespace\": null, \"lft\": 3, \"in_navigation\": true, \"reverse_id\": null, \"login_required\": false, \"created_by\": \"admin\", \"languages\": \"en\", \"publication_end_date\": null, \"template\": \"INHERIT\", \"tree_id\": 1, \"placeholders\": [10, 11], \"changed_date\": \"2014-12-03T22:30:05.165Z\", \"limit_visibility_in_menu\": null, \"parent\": 3, \"soft_root\": false, \"is_home\": false, \"publication_date\": null, \"creation_date\": \"2014-12-03T22:30:05.109Z\", \"level\": 2, \"changed_by\": \"admin\", \"application_urls\": null, \"xframe_options\": 0, \"revision_id\": 0}}]", 
    "revision": 9
  }
},
{
  "pk": 40, 
  "model": "reversion.version", 
  "fields": {
    "format": "json", 
    "object_repr": "Two (two, en)", 
    "object_id": "5", 
    "content_type": 17, 
    "object_id_int": 5, 
    "serialized_data": "[{\"pk\": 5, \"model\": \"cms.title\", \"fields\": {\"menu_title\": \"\", \"meta_description\": \"\", \"page_title\": \"\", \"language\": \"en\", \"title\": \"Two\", \"has_url_overwrite\": false, \"redirect\": null, \"publisher_is_draft\": true, \"page\": 5, \"published\": false, \"path\": \"one/two\", \"publisher_state\": 1, \"creation_date\": \"2014-12-03T22:30:05Z\", \"slug\": \"two\", \"publisher_public\": null}}]", 
    "revision": 9
  }
},
{
  "pk": 41, 
  "model": "reversion.version", 
  "fields": {
    "format": "json", 
    "object_repr": "content", 
    "object_id": "10", 
    "content_type": 10, 
    "object_id_int": 10, 
    "serialized_data": "[{\"pk\": 10, \"model\": \"cms.placeholder\", \"fields\": {\"slot\": \"content\", \"default_width\": null}}]", 
    "revision": 10
  }
},
{
  "pk": 42, 
  "model": "reversion.version", 
  "fields": {
    "format": "json", 
    "object_repr": "footer-text", 
    "object_id": "11", 
    "content_type": 10, 
    "object_id_int": 11, 
    "serialized_data": "[{\"pk\": 11, \"model\": \"cms.placeholder\", \"fields\": {\"slot\": \"footer-text\", \"default_width\": null}}]", 
    "revision": 10
  }
},
{
  "pk": 43, 
  "model": "reversion.version", 
  "fields": {
    "format": "json", 
    "object_repr": "Two", 
    "object_id": "5", 
    "content_type": 12, 
    "object_id_int": 5, 
    "serialized_data": "[{\"pk\": 5, \"model\": \"cms.page\", \"fields\": {\"rght\": 4, \"navigation_extenders\": null, \"site\": 1, \"application_namespace\": null, \"lft\": 3, \"in_navigation\": true, \"reverse_id\": null, \"login_required\": false, \"created_by\": \"admin\", \"languages\": \"en\", \"publication_end_date\": null, \"template\": \"INHERIT\", \"tree_id\": 1, \"placeholders\": [10, 11], \"changed_date\": \"2014-12-03T22:30:20.990Z\", \"limit_visibility_in_menu\": null, \"parent\": 3, \"soft_root\": false, \"is_home\": false, \"publication_date\": \"2014-12-03T22:30:20.777Z\", \"creation_date\": \"2014-12-03T22:30:05Z\", \"level\": 2, \"changed_by\": \"admin\", \"application_urls\": null, \"xframe_options\": 0, \"revision_id\": 0}}]", 
    "revision": 10
  }
},
{
  "pk": 44, 
  "model": "reversion.version", 
  "fields": {
    "format": "json", 
    "object_repr": "Two (two, en)", 
    "object_id": "5", 
    "content_type": 17, 
    "object_id_int": 5, 
    "serialized_data": "[{\"pk\": 5, \"model\": \"cms.title\", \"fields\": {\"menu_title\": \"\", \"meta_description\": \"\", \"page_title\": \"\", \"language\": \"en\", \"title\": \"Two\", \"has_url_overwrite\": false, \"redirect\": null, \"publisher_is_draft\": true, \"page\": 5, \"published\": true, \"path\": \"one/two\", \"publisher_state\": 0, \"creation_date\": \"2014-12-03T22:30:05Z\", \"slug\": \"two\", \"publisher_public\": 6}}]", 
    "revision": 10
  }
},
{
  "pk": 45, 
  "model": "reversion.version", 
  "fields": {
    "format": "json", 
    "object_repr": "footer-text", 
    "object_id": "15", 
    "content_type": 10, 
    "object_id_int": 15, 
    "serialized_data": "[{\"pk\": 15, \"model\": \"cms.placeholder\", \"fields\": {\"slot\": \"footer-text\", \"default_width\": null}}]", 
    "revision": 11
  }
},
{
  "pk": 46, 
  "model": "reversion.version", 
  "fields": {
    "format": "json", 
    "object_repr": "Three (three, en)", 
    "object_id": "7", 
    "content_type": 17, 
    "object_id_int": 7, 
    "serialized_data": "[{\"pk\": 7, \"model\": \"cms.title\", \"fields\": {\"menu_title\": \"\", \"meta_description\": \"\", \"page_title\": \"\", \"language\": \"en\", \"title\": \"Three\", \"has_url_overwrite\": false, \"redirect\": null, \"publisher_is_draft\": true, \"page\": 7, \"published\": false, \"path\": \"one/three\", \"publisher_state\": 1, \"creation_date\": \"2014-12-03T22:30:41Z\", \"slug\": \"three\", \"publisher_public\": null}}]", 
    "revision": 11
  }
},
{
  "pk": 47, 
  "model": "reversion.version", 
  "fields": {
    "format": "json", 
    "object_repr": "content", 
    "object_id": "14", 
    "content_type": 10, 
    "object_id_int": 14, 
    "serialized_data": "[{\"pk\": 14, \"model\": \"cms.placeholder\", \"fields\": {\"slot\": \"content\", \"default_width\": null}}]", 
    "revision": 11
  }
},
{
  "pk": 48, 
  "model": "reversion.version", 
  "fields": {
    "format": "json", 
    "object_repr": "Three", 
    "object_id": "7", 
    "content_type": 12, 
    "object_id_int": 7, 
    "serialized_data": "[{\"pk\": 7, \"model\": \"cms.page\", \"fields\": {\"rght\": 6, \"navigation_extenders\": null, \"site\": 1, \"application_namespace\": null, \"lft\": 5, \"in_navigation\": true, \"reverse_id\": null, \"login_required\": false, \"created_by\": \"admin\", \"languages\": \"en\", \"publication_end_date\": null, \"template\": \"INHERIT\", \"tree_id\": 1, \"placeholders\": [14, 15], \"changed_date\": \"2014-12-03T22:30:41.575Z\", \"limit_visibility_in_menu\": null, \"parent\": 3, \"soft_root\": false, \"is_home\": false, \"publication_date\": null, \"creation_date\": \"2014-12-03T22:30:41.510Z\", \"level\": 2, \"changed_by\": \"admin\", \"application_urls\": null, \"xframe_options\": 0, \"revision_id\": 0}}]", 
    "revision": 11
  }
},
{
  "pk": 49, 
  "model": "reversion.version", 
  "fields": {
    "format": "json", 
    "object_repr": "Three (three, en)", 
    "object_id": "7", 
    "content_type": 17, 
    "object_id_int": 7, 
    "serialized_data": "[{\"pk\": 7, \"model\": \"cms.title\", \"fields\": {\"menu_title\": \"\", \"meta_description\": \"\", \"page_title\": \"\", \"language\": \"en\", \"title\": \"Three\", \"has_url_overwrite\": false, \"redirect\": null, \"publisher_is_draft\": true, \"page\": 7, \"published\": true, \"path\": \"one/three\", \"publisher_state\": 0, \"creation_date\": \"2014-12-03T22:30:41Z\", \"slug\": \"three\", \"publisher_public\": 8}}]", 
    "revision": 12
  }
},
{
  "pk": 50, 
  "model": "reversion.version", 
  "fields": {
    "format": "json", 
    "object_repr": "Three", 
    "object_id": "7", 
    "content_type": 12, 
    "object_id_int": 7, 
    "serialized_data": "[{\"pk\": 7, \"model\": \"cms.page\", \"fields\": {\"rght\": 6, \"navigation_extenders\": null, \"site\": 1, \"application_namespace\": null, \"lft\": 5, \"in_navigation\": true, \"reverse_id\": null, \"login_required\": false, \"created_by\": \"admin\", \"languages\": \"en\", \"publication_end_date\": null, \"template\": \"INHERIT\", \"tree_id\": 1, \"placeholders\": [14, 15], \"changed_date\": \"2014-12-03T22:30:55.422Z\", \"limit_visibility_in_menu\": null, \"parent\": 3, \"soft_root\": false, \"is_home\": false, \"publication_date\": \"2014-12-03T22:30:55.208Z\", \"creation_date\": \"2014-12-03T22:30:41Z\", \"level\": 2, \"changed_by\": \"admin\", \"application_urls\": null, \"xframe_options\": 0, \"revision_id\": 0}}]", 
    "revision": 12
  }
},
{
  "pk": 51, 
  "model": "reversion.version", 
  "fields": {
    "format": "json", 
    "object_repr": "content", 
    "object_id": "14", 
    "content_type": 10, 
    "object_id_int": 14, 
    "serialized_data": "[{\"pk\": 14, \"model\": \"cms.placeholder\", \"fields\": {\"slot\": \"content\", \"default_width\": null}}]", 
    "revision": 12
  }
},
{
  "pk": 52, 
  "model": "reversion.version", 
  "fields": {
    "format": "json", 
    "object_repr": "footer-text", 
    "object_id": "15", 
    "content_type": 10, 
    "object_id_int": 15, 
    "serialized_data": "[{\"pk\": 15, \"model\": \"cms.placeholder\", \"fields\": {\"slot\": \"footer-text\", \"default_width\": null}}]", 
    "revision": 12
  }
},
{
  "pk": 53, 
  "model": "reversion.version", 
  "fields": {
    "format": "json", 
    "object_repr": "One", 
    "object_id": "3", 
    "content_type": 12, 
    "object_id_int": 3, 
    "serialized_data": "[{\"pk\": 3, \"model\": \"cms.page\", \"fields\": {\"rght\": 7, \"navigation_extenders\": \"\", \"site\": 1, \"application_namespace\": null, \"lft\": 2, \"in_navigation\": true, \"reverse_id\": null, \"login_required\": false, \"created_by\": \"admin\", \"languages\": \"en\", \"publication_end_date\": null, \"template\": \"text.html\", \"tree_id\": 1, \"placeholders\": [6, 7], \"changed_date\": \"2014-12-03T22:29:43Z\", \"limit_visibility_in_menu\": null, \"parent\": 1, \"soft_root\": false, \"is_home\": false, \"publication_date\": \"2014-12-03T22:29:43Z\", \"creation_date\": \"2014-12-03T22:28:19Z\", \"level\": 1, \"changed_by\": \"admin\", \"application_urls\": \"\", \"xframe_options\": 0, \"revision_id\": 0}}]", 
    "revision": 13
  }
},
{
  "pk": 54, 
  "model": "reversion.version", 
  "fields": {
    "format": "json", 
    "object_repr": "One (one, en)", 
    "object_id": "3", 
    "content_type": 17, 
    "object_id_int": 3, 
    "serialized_data": "[{\"pk\": 3, \"model\": \"cms.title\", \"fields\": {\"menu_title\": \"\", \"meta_description\": \"\", \"page_title\": \"\", \"language\": \"en\", \"title\": \"One\", \"has_url_overwrite\": false, \"redirect\": \"\", \"publisher_is_draft\": true, \"page\": 3, \"published\": true, \"path\": \"one\", \"publisher_state\": 1, \"creation_date\": \"2014-12-03T22:28:19Z\", \"slug\": \"one\", \"publisher_public\": 4}}]", 
    "revision": 13
  }
},
{
  "pk": 55, 
  "model": "reversion.version", 
  "fields": {
    "format": "json", 
    "object_repr": "3", 
    "object_id": "3", 
    "content_type": 11, 
    "object_id_int": 3, 
    "serialized_data": "[{\"pk\": 3, \"model\": \"cms.cmsplugin\", \"fields\": {\"rght\": 2, \"changed_date\": \"2014-12-03T22:33:26Z\", \"parent\": null, \"language\": \"en\", \"level\": 0, \"creation_date\": \"2014-12-03T22:33:26Z\", \"lft\": 1, \"tree_id\": 3, \"position\": 0, \"placeholder\": 6, \"plugin_type\": \"TextPlugin\"}}]", 
    "revision": 13
  }
},
{
  "pk": 56, 
  "model": "reversion.version", 
  "fields": {
    "format": "json", 
    "object_repr": "content", 
    "object_id": "6", 
    "content_type": 10, 
    "object_id_int": 6, 
    "serialized_data": "[{\"pk\": 6, \"model\": \"cms.placeholder\", \"fields\": {\"slot\": \"content\", \"default_width\": null}}]", 
    "revision": 13
  }
},
{
  "pk": 57, 
  "model": "reversion.version", 
  "fields": {
    "format": "json", 
    "object_repr": "footer-text", 
    "object_id": "7", 
    "content_type": 10, 
    "object_id_int": 7, 
    "serialized_data": "[{\"pk\": 7, \"model\": \"cms.placeholder\", \"fields\": {\"slot\": \"footer-text\", \"default_width\": null}}]", 
    "revision": 13
  }
},
{
  "pk": 58, 
  "model": "reversion.version", 
  "fields": {
    "format": "json", 
    "object_repr": "3", 
    "object_id": "3", 
    "content_type": 11, 
    "object_id_int": 3, 
    "serialized_data": "[{\"pk\": 3, \"model\": \"cms.cmsplugin\", \"fields\": {\"rght\": 4, \"changed_date\": \"2014-12-03T22:33:26Z\", \"parent\": null, \"language\": \"en\", \"level\": 0, \"creation_date\": \"2014-12-03T22:33:26Z\", \"lft\": 1, \"tree_id\": 3, \"position\": 0, \"placeholder\": 6, \"plugin_type\": \"TextPlugin\"}}]", 
    "revision": 14
  }
},
{
  "pk": 59, 
  "model": "reversion.version", 
  "fields": {
    "format": "json", 
    "object_repr": "One", 
    "object_id": "3", 
    "content_type": 12, 
    "object_id_int": 3, 
    "serialized_data": "[{\"pk\": 3, \"model\": \"cms.page\", \"fields\": {\"rght\": 7, \"navigation_extenders\": \"\", \"site\": 1, \"application_namespace\": null, \"lft\": 2, \"in_navigation\": true, \"reverse_id\": null, \"login_required\": false, \"created_by\": \"admin\", \"languages\": \"en\", \"publication_end_date\": null, \"template\": \"text.html\", \"tree_id\": 1, \"placeholders\": [6, 7], \"changed_date\": \"2014-12-03T22:33:26Z\", \"limit_visibility_in_menu\": null, \"parent\": 1, \"soft_root\": false, \"is_home\": false, \"publication_date\": \"2014-12-03T22:29:43Z\", \"creation_date\": \"2014-12-03T22:28:19Z\", \"level\": 1, \"changed_by\": \"admin\", \"application_urls\": \"\", \"xframe_options\": 0, \"revision_id\": 0}}]", 
    "revision": 14
  }
},
{
  "pk": 60, 
  "model": "reversion.version", 
  "fields": {
    "format": "json", 
    "object_repr": "4", 
    "object_id": "4", 
    "content_type": 11, 
    "object_id_int": 4, 
    "serialized_data": "[{\"pk\": 4, \"model\": \"cms.cmsplugin\", \"fields\": {\"rght\": 3, \"changed_date\": \"2014-12-03T22:36:28Z\", \"parent\": 3, \"language\": \"en\", \"level\": 1, \"creation_date\": \"2014-12-03T22:36:28Z\", \"lft\": 2, \"tree_id\": 3, \"position\": 0, \"placeholder\": 6, \"plugin_type\": \"LinkPlugin\"}}]", 
    "revision": 14
  }
},
{
  "pk": 61, 
  "model": "reversion.version", 
  "fields": {
    "format": "json", 
    "object_repr": "content", 
    "object_id": "6", 
    "content_type": 10, 
    "object_id_int": 6, 
    "serialized_data": "[{\"pk\": 6, \"model\": \"cms.placeholder\", \"fields\": {\"slot\": \"content\", \"default_width\": null}}]", 
    "revision": 14
  }
},
{
  "pk": 62, 
  "model": "reversion.version", 
  "fields": {
    "format": "json", 
    "object_repr": "footer-text", 
    "object_id": "7", 
    "content_type": 10, 
    "object_id_int": 7, 
    "serialized_data": "[{\"pk\": 7, \"model\": \"cms.placeholder\", \"fields\": {\"slot\": \"footer-text\", \"default_width\": null}}]", 
    "revision": 14
  }
},
{
  "pk": 63, 
  "model": "reversion.version", 
  "fields": {
    "format": "json", 
    "object_repr": "One (one, en)", 
    "object_id": "3", 
    "content_type": 17, 
    "object_id_int": 3, 
    "serialized_data": "[{\"pk\": 3, \"model\": \"cms.title\", \"fields\": {\"menu_title\": \"\", \"meta_description\": \"\", \"page_title\": \"\", \"language\": \"en\", \"title\": \"One\", \"has_url_overwrite\": false, \"redirect\": \"\", \"publisher_is_draft\": true, \"page\": 3, \"published\": true, \"path\": \"one\", \"publisher_state\": 1, \"creation_date\": \"2014-12-03T22:28:19Z\", \"slug\": \"one\", \"publisher_public\": 4}}]", 
    "revision": 14
  }
},
{
  "pk": 64, 
  "model": "reversion.version", 
  "fields": {
    "format": "json", 
    "object_repr": "One (one, en)", 
    "object_id": "3", 
    "content_type": 17, 
    "object_id_int": 3, 
    "serialized_data": "[{\"pk\": 3, \"model\": \"cms.title\", \"fields\": {\"menu_title\": \"\", \"meta_description\": \"\", \"page_title\": \"\", \"language\": \"en\", \"title\": \"One\", \"has_url_overwrite\": false, \"redirect\": \"\", \"publisher_is_draft\": true, \"page\": 3, \"published\": true, \"path\": \"one\", \"publisher_state\": 1, \"creation_date\": \"2014-12-03T22:28:19Z\", \"slug\": \"one\", \"publisher_public\": 4}}]", 
    "revision": 15
  }
},
{
  "pk": 65, 
  "model": "reversion.version", 
  "fields": {
    "format": "json", 
    "object_repr": "One", 
    "object_id": "3", 
    "content_type": 12, 
    "object_id_int": 3, 
    "serialized_data": "[{\"pk\": 3, \"model\": \"cms.page\", \"fields\": {\"rght\": 7, \"navigation_extenders\": \"\", \"site\": 1, \"application_namespace\": null, \"lft\": 2, \"in_navigation\": true, \"reverse_id\": null, \"login_required\": false, \"created_by\": \"admin\", \"languages\": \"en\", \"publication_end_date\": null, \"template\": \"text.html\", \"tree_id\": 1, \"placeholders\": [6, 7], \"changed_date\": \"2014-12-03T22:36:28Z\", \"limit_visibility_in_menu\": null, \"parent\": 1, \"soft_root\": false, \"is_home\": false, \"publication_date\": \"2014-12-03T22:29:43Z\", \"creation_date\": \"2014-12-03T22:28:19Z\", \"level\": 1, \"changed_by\": \"admin\", \"application_urls\": \"\", \"xframe_options\": 0, \"revision_id\": 0}}]", 
    "revision": 15
  }
},
{
  "pk": 66, 
  "model": "reversion.version", 
  "fields": {
    "format": "json", 
    "object_repr": "Matteson Community Center", 
    "object_id": "4", 
    "content_type": 30, 
    "object_id_int": 4, 
    "serialized_data": "[{\"pk\": 4, \"model\": \"djangocms_link.link\", \"fields\": {\"mailto\": \"\", \"name\": \"Matteson Community Center\", \"url\": \"http://www.mattesoncommunitycenter.com/\", \"page_link\": null, \"phone\": \"\", \"anchor\": \"\", \"target\": \"_blank\"}}]", 
    "revision": 15
  }
},
{
  "pk": 67, 
  "model": "reversion.version", 
  "fields": {
    "format": "json", 
    "object_repr": "content", 
    "object_id": "6", 
    "content_type": 10, 
    "object_id_int": 6, 
    "serialized_data": "[{\"pk\": 6, \"model\": \"cms.placeholder\", \"fields\": {\"slot\": \"content\", \"default_width\": null}}]", 
    "revision": 15
  }
},
{
  "pk": 68, 
  "model": "reversion.version", 
  "fields": {
    "format": "json", 
    "object_repr": "footer-text", 
    "object_id": "7", 
    "content_type": 10, 
    "object_id_int": 7, 
    "serialized_data": "[{\"pk\": 7, \"model\": \"cms.placeholder\", \"fields\": {\"slot\": \"footer-text\", \"default_width\": null}}]", 
    "revision": 15
  }
},
{
  "pk": 69, 
  "model": "reversion.version", 
  "fields": {
    "format": "json", 
    "object_repr": "3", 
    "object_id": "3", 
    "content_type": 11, 
    "object_id_int": 3, 
    "serialized_data": "[{\"pk\": 3, \"model\": \"cms.cmsplugin\", \"fields\": {\"rght\": 4, \"changed_date\": \"2014-12-03T22:33:26Z\", \"parent\": null, \"language\": \"en\", \"level\": 0, \"creation_date\": \"2014-12-03T22:33:26Z\", \"lft\": 1, \"tree_id\": 3, \"position\": 0, \"placeholder\": 6, \"plugin_type\": \"TextPlugin\"}}]", 
    "revision": 15
  }
},
{
  "pk": 70, 
  "model": "reversion.version", 
  "fields": {
    "format": "json", 
    "object_repr": "4", 
    "object_id": "4", 
    "content_type": 11, 
    "object_id_int": 4, 
    "serialized_data": "[{\"pk\": 4, \"model\": \"cms.cmsplugin\", \"fields\": {\"rght\": 3, \"changed_date\": \"2014-12-03T22:37:18Z\", \"parent\": 3, \"language\": \"en\", \"level\": 1, \"creation_date\": \"2014-12-03T22:36:28Z\", \"lft\": 2, \"tree_id\": 3, \"position\": 0, \"placeholder\": 6, \"plugin_type\": \"LinkPlugin\"}}]", 
    "revision": 15
  }
},
{
  "pk": 71, 
  "model": "reversion.version", 
  "fields": {
    "format": "json", 
    "object_repr": "One", 
    "object_id": "3", 
    "content_type": 12, 
    "object_id_int": 3, 
    "serialized_data": "[{\"pk\": 3, \"model\": \"cms.page\", \"fields\": {\"rght\": 7, \"navigation_extenders\": \"\", \"site\": 1, \"application_namespace\": null, \"lft\": 2, \"in_navigation\": true, \"reverse_id\": null, \"login_required\": false, \"created_by\": \"admin\", \"languages\": \"en\", \"publication_end_date\": null, \"template\": \"text.html\", \"tree_id\": 1, \"placeholders\": [6, 7], \"changed_date\": \"2014-12-03T22:37:18Z\", \"limit_visibility_in_menu\": null, \"parent\": 1, \"soft_root\": false, \"is_home\": false, \"publication_date\": \"2014-12-03T22:29:43Z\", \"creation_date\": \"2014-12-03T22:28:19Z\", \"level\": 1, \"changed_by\": \"admin\", \"application_urls\": \"\", \"xframe_options\": 0, \"revision_id\": 0}}]", 
    "revision": 16
  }
},
{
  "pk": 72, 
  "model": "reversion.version", 
  "fields": {
    "format": "json", 
    "object_repr": "One (one, en)", 
    "object_id": "3", 
    "content_type": 17, 
    "object_id_int": 3, 
    "serialized_data": "[{\"pk\": 3, \"model\": \"cms.title\", \"fields\": {\"menu_title\": \"\", \"meta_description\": \"\", \"page_title\": \"\", \"language\": \"en\", \"title\": \"One\", \"has_url_overwrite\": false, \"redirect\": \"\", \"publisher_is_draft\": true, \"page\": 3, \"published\": true, \"path\": \"one\", \"publisher_state\": 1, \"creation_date\": \"2014-12-03T22:28:19Z\", \"slug\": \"one\", \"publisher_public\": 4}}]", 
    "revision": 16
  }
},
{
  "pk": 73, 
  "model": "reversion.version", 
  "fields": {
    "format": "json", 
    "object_repr": "Once again, we're...", 
    "object_id": "3", 
    "content_type": 1, 
    "object_id_int": 3, 
    "serialized_data": "[{\"pk\": 3, \"model\": \"djangocms_text_ckeditor.text\", \"fields\": {\"body\": \"<p>Once again, we're at the <img alt=\\\"Link\\\" id=\\\"plugin_obj_4\\\" src=\\\"/static/cms/img/icons/plugins/link.png\\\" title=\\\"Link - Matteson Community Center\\\">.</p>\\n\"}}]", 
    "revision": 16
  }
},
{
  "pk": 74, 
  "model": "reversion.version", 
  "fields": {
    "format": "json", 
    "object_repr": "Matteson Community Center", 
    "object_id": "4", 
    "content_type": 30, 
    "object_id_int": 4, 
    "serialized_data": "[{\"pk\": 4, \"model\": \"djangocms_link.link\", \"fields\": {\"mailto\": \"\", \"name\": \"Matteson Community Center\", \"url\": \"http://www.mattesoncommunitycenter.com/\", \"page_link\": null, \"phone\": \"\", \"anchor\": \"\", \"target\": \"_blank\"}}]", 
    "revision": 16
  }
},
{
  "pk": 75, 
  "model": "reversion.version", 
  "fields": {
    "format": "json", 
    "object_repr": "content", 
    "object_id": "6", 
    "content_type": 10, 
    "object_id_int": 6, 
    "serialized_data": "[{\"pk\": 6, \"model\": \"cms.placeholder\", \"fields\": {\"slot\": \"content\", \"default_width\": null}}]", 
    "revision": 16
  }
},
{
  "pk": 76, 
  "model": "reversion.version", 
  "fields": {
    "format": "json", 
    "object_repr": "footer-text", 
    "object_id": "7", 
    "content_type": 10, 
    "object_id_int": 7, 
    "serialized_data": "[{\"pk\": 7, \"model\": \"cms.placeholder\", \"fields\": {\"slot\": \"footer-text\", \"default_width\": null}}]", 
    "revision": 16
  }
},
{
  "pk": 77, 
  "model": "reversion.version", 
  "fields": {
    "format": "json", 
    "object_repr": "3", 
    "object_id": "3", 
    "content_type": 11, 
    "object_id_int": 3, 
    "serialized_data": "[{\"pk\": 3, \"model\": \"cms.cmsplugin\", \"fields\": {\"rght\": 4, \"changed_date\": \"2014-12-03T22:37:24Z\", \"parent\": null, \"language\": \"en\", \"level\": 0, \"creation_date\": \"2014-12-03T22:33:26Z\", \"lft\": 1, \"tree_id\": 3, \"position\": 0, \"placeholder\": 6, \"plugin_type\": \"TextPlugin\"}}]", 
    "revision": 16
  }
},
{
  "pk": 78, 
  "model": "reversion.version", 
  "fields": {
    "format": "json", 
    "object_repr": "4", 
    "object_id": "4", 
    "content_type": 11, 
    "object_id_int": 4, 
    "serialized_data": "[{\"pk\": 4, \"model\": \"cms.cmsplugin\", \"fields\": {\"rght\": 3, \"changed_date\": \"2014-12-03T22:37:18Z\", \"parent\": 3, \"language\": \"en\", \"level\": 1, \"creation_date\": \"2014-12-03T22:36:28Z\", \"lft\": 2, \"tree_id\": 3, \"position\": 0, \"placeholder\": 6, \"plugin_type\": \"LinkPlugin\"}}]", 
    "revision": 16
  }
},
{
  "pk": 79, 
  "model": "reversion.version", 
  "fields": {
    "format": "json", 
    "object_repr": "3", 
    "object_id": "3", 
    "content_type": 11, 
    "object_id_int": 3, 
    "serialized_data": "[{\"pk\": 3, \"model\": \"cms.cmsplugin\", \"fields\": {\"rght\": 4, \"changed_date\": \"2014-12-03T22:37:24Z\", \"parent\": null, \"language\": \"en\", \"level\": 0, \"creation_date\": \"2014-12-03T22:33:26Z\", \"lft\": 1, \"tree_id\": 3, \"position\": 0, \"placeholder\": 6, \"plugin_type\": \"TextPlugin\"}}]", 
    "revision": 17
  }
},
{
  "pk": 80, 
  "model": "reversion.version", 
  "fields": {
    "format": "json", 
    "object_repr": "One (one, en)", 
    "object_id": "3", 
    "content_type": 17, 
    "object_id_int": 3, 
    "serialized_data": "[{\"pk\": 3, \"model\": \"cms.title\", \"fields\": {\"menu_title\": \"\", \"meta_description\": \"\", \"page_title\": \"\", \"language\": \"en\", \"title\": \"One\", \"has_url_overwrite\": false, \"redirect\": \"\", \"publisher_is_draft\": true, \"page\": 3, \"published\": true, \"path\": \"one\", \"publisher_state\": 1, \"creation_date\": \"2014-12-03T22:28:19Z\", \"slug\": \"one\", \"publisher_public\": 4}}]", 
    "revision": 17
  }
},
{
  "pk": 81, 
  "model": "reversion.version", 
  "fields": {
    "format": "json", 
    "object_repr": "Once again, we're...", 
    "object_id": "3", 
    "content_type": 1, 
    "object_id_int": 3, 
    "serialized_data": "[{\"pk\": 3, \"model\": \"djangocms_text_ckeditor.text\", \"fields\": {\"body\": \"<p>Once again, we're at the <img alt=\\\"Link\\\" id=\\\"plugin_obj_4\\\" src=\\\"/static/cms/img/icons/plugins/link.png\\\" title=\\\"Link - Matteson Community Center\\\">.</p>\\n\"}}]", 
    "revision": 17
  }
},
{
  "pk": 82, 
  "model": "reversion.version", 
  "fields": {
    "format": "json", 
    "object_repr": "Matteson Community Center", 
    "object_id": "4", 
    "content_type": 30, 
    "object_id_int": 4, 
    "serialized_data": "[{\"pk\": 4, \"model\": \"djangocms_link.link\", \"fields\": {\"mailto\": \"\", \"name\": \"Matteson Community Center\", \"url\": \"http://www.mattesoncommunitycenter.com/\", \"page_link\": null, \"phone\": \"\", \"anchor\": \"\", \"target\": \"_blank\"}}]", 
    "revision": 17
  }
},
{
  "pk": 83, 
  "model": "reversion.version", 
  "fields": {
    "format": "json", 
    "object_repr": "5", 
    "object_id": "5", 
    "content_type": 11, 
    "object_id_int": 5, 
    "serialized_data": "[{\"pk\": 5, \"model\": \"cms.cmsplugin\", \"fields\": {\"rght\": 2, \"changed_date\": \"2014-12-03T22:37:33Z\", \"parent\": null, \"language\": \"en\", \"level\": 0, \"creation_date\": \"2014-12-03T22:37:33Z\", \"lft\": 1, \"tree_id\": 4, \"position\": 2, \"placeholder\": 6, \"plugin_type\": \"GoogleMapPlugin\"}}]", 
    "revision": 17
  }
},
{
  "pk": 84, 
  "model": "reversion.version", 
  "fields": {
    "format": "json", 
    "object_repr": "content", 
    "object_id": "6", 
    "content_type": 10, 
    "object_id_int": 6, 
    "serialized_data": "[{\"pk\": 6, \"model\": \"cms.placeholder\", \"fields\": {\"slot\": \"content\", \"default_width\": null}}]", 
    "revision": 17
  }
},
{
  "pk": 85, 
  "model": "reversion.version", 
  "fields": {
    "format": "json", 
    "object_repr": "footer-text", 
    "object_id": "7", 
    "content_type": 10, 
    "object_id_int": 7, 
    "serialized_data": "[{\"pk\": 7, \"model\": \"cms.placeholder\", \"fields\": {\"slot\": \"footer-text\", \"default_width\": null}}]", 
    "revision": 17
  }
},
{
  "pk": 86, 
  "model": "reversion.version", 
  "fields": {
    "format": "json", 
    "object_repr": "One", 
    "object_id": "3", 
    "content_type": 12, 
    "object_id_int": 3, 
    "serialized_data": "[{\"pk\": 3, \"model\": \"cms.page\", \"fields\": {\"rght\": 7, \"navigation_extenders\": \"\", \"site\": 1, \"application_namespace\": null, \"lft\": 2, \"in_navigation\": true, \"reverse_id\": null, \"login_required\": false, \"created_by\": \"admin\", \"languages\": \"en\", \"publication_end_date\": null, \"template\": \"text.html\", \"tree_id\": 1, \"placeholders\": [6, 7], \"changed_date\": \"2014-12-03T22:37:24Z\", \"limit_visibility_in_menu\": null, \"parent\": 1, \"soft_root\": false, \"is_home\": false, \"publication_date\": \"2014-12-03T22:29:43Z\", \"creation_date\": \"2014-12-03T22:28:19Z\", \"level\": 1, \"changed_by\": \"admin\", \"application_urls\": \"\", \"xframe_options\": 0, \"revision_id\": 0}}]", 
    "revision": 17
  }
},
{
  "pk": 87, 
  "model": "reversion.version", 
  "fields": {
    "format": "json", 
    "object_repr": "4", 
    "object_id": "4", 
    "content_type": 11, 
    "object_id_int": 4, 
    "serialized_data": "[{\"pk\": 4, \"model\": \"cms.cmsplugin\", \"fields\": {\"rght\": 3, \"changed_date\": \"2014-12-03T22:37:18Z\", \"parent\": 3, \"language\": \"en\", \"level\": 1, \"creation_date\": \"2014-12-03T22:36:28Z\", \"lft\": 2, \"tree_id\": 3, \"position\": 0, \"placeholder\": 6, \"plugin_type\": \"LinkPlugin\"}}]", 
    "revision": 17
  }
},
{
  "pk": 88, 
  "model": "reversion.version", 
  "fields": {
    "format": "json", 
    "object_repr": "3", 
    "object_id": "3", 
    "content_type": 11, 
    "object_id_int": 3, 
    "serialized_data": "[{\"pk\": 3, \"model\": \"cms.cmsplugin\", \"fields\": {\"rght\": 4, \"changed_date\": \"2014-12-03T22:37:24Z\", \"parent\": null, \"language\": \"en\", \"level\": 0, \"creation_date\": \"2014-12-03T22:33:26Z\", \"lft\": 1, \"tree_id\": 3, \"position\": 0, \"placeholder\": 6, \"plugin_type\": \"TextPlugin\"}}]", 
    "revision": 18
  }
},
{
  "pk": 89, 
  "model": "reversion.version", 
  "fields": {
    "format": "json", 
    "object_repr": "One (one, en)", 
    "object_id": "3", 
    "content_type": 17, 
    "object_id_int": 3, 
    "serialized_data": "[{\"pk\": 3, \"model\": \"cms.title\", \"fields\": {\"menu_title\": \"\", \"meta_description\": \"\", \"page_title\": \"\", \"language\": \"en\", \"title\": \"One\", \"has_url_overwrite\": false, \"redirect\": \"\", \"publisher_is_draft\": true, \"page\": 3, \"published\": true, \"path\": \"one\", \"publisher_state\": 1, \"creation_date\": \"2014-12-03T22:28:19Z\", \"slug\": \"one\", \"publisher_public\": 4}}]", 
    "revision": 18
  }
},
{
  "pk": 90, 
  "model": "reversion.version", 
  "fields": {
    "format": "json", 
    "object_repr": "Once again, we're...", 
    "object_id": "3", 
    "content_type": 1, 
    "object_id_int": 3, 
    "serialized_data": "[{\"pk\": 3, \"model\": \"djangocms_text_ckeditor.text\", \"fields\": {\"body\": \"<p>Once again, we're at the <img alt=\\\"Link\\\" id=\\\"plugin_obj_4\\\" src=\\\"/static/cms/img/icons/plugins/link.png\\\" title=\\\"Link - Matteson Community Center\\\">.</p>\\n\"}}]", 
    "revision": 18
  }
},
{
  "pk": 91, 
  "model": "reversion.version", 
  "fields": {
    "format": "json", 
    "object_repr": "Matteson Community Center", 
    "object_id": "4", 
    "content_type": 30, 
    "object_id_int": 4, 
    "serialized_data": "[{\"pk\": 4, \"model\": \"djangocms_link.link\", \"fields\": {\"mailto\": \"\", \"name\": \"Matteson Community Center\", \"url\": \"http://www.mattesoncommunitycenter.com/\", \"page_link\": null, \"phone\": \"\", \"anchor\": \"\", \"target\": \"_blank\"}}]", 
    "revision": 18
  }
},
{
  "pk": 92, 
  "model": "reversion.version", 
  "fields": {
    "format": "json", 
    "object_repr": "Matteson Community Center (20642 Matteson Ave, 60443 Matteson, IL)", 
    "object_id": "5", 
    "content_type": 28, 
    "object_id_int": 5, 
    "serialized_data": "[{\"pk\": 5, \"model\": \"djangocms_googlemap.googlemap\", \"fields\": {\"city\": \"Matteson, IL\", \"keyboard_shortcuts\": true, \"street_view_control\": true, \"title\": \"Matteson Community Center\", \"info_window\": true, \"zoom_control\": true, \"scrollwheel\": true, \"zoom\": 13, \"zipcode\": \"60443\", \"content\": \"\", \"width\": \"100%\", \"route_planer_title\": \"Calculate your fastest way to here\", \"pan_control\": true, \"draggable\": true, \"route_planer\": false, \"address\": \"20642 Matteson Ave\", \"lat\": null, \"lng\": null, \"height\": \"400px\", \"double_click_zoom\": true}}]", 
    "revision": 18
  }
},
{
  "pk": 93, 
  "model": "reversion.version", 
  "fields": {
    "format": "json", 
    "object_repr": "content", 
    "object_id": "6", 
    "content_type": 10, 
    "object_id_int": 6, 
    "serialized_data": "[{\"pk\": 6, \"model\": \"cms.placeholder\", \"fields\": {\"slot\": \"content\", \"default_width\": null}}]", 
    "revision": 18
  }
},
{
  "pk": 94, 
  "model": "reversion.version", 
  "fields": {
    "format": "json", 
    "object_repr": "footer-text", 
    "object_id": "7", 
    "content_type": 10, 
    "object_id_int": 7, 
    "serialized_data": "[{\"pk\": 7, \"model\": \"cms.placeholder\", \"fields\": {\"slot\": \"footer-text\", \"default_width\": null}}]", 
    "revision": 18
  }
},
{
  "pk": 95, 
  "model": "reversion.version", 
  "fields": {
    "format": "json", 
    "object_repr": "One", 
    "object_id": "3", 
    "content_type": 12, 
    "object_id_int": 3, 
    "serialized_data": "[{\"pk\": 3, \"model\": \"cms.page\", \"fields\": {\"rght\": 7, \"navigation_extenders\": \"\", \"site\": 1, \"application_namespace\": null, \"lft\": 2, \"in_navigation\": true, \"reverse_id\": null, \"login_required\": false, \"created_by\": \"admin\", \"languages\": \"en\", \"publication_end_date\": null, \"template\": \"text.html\", \"tree_id\": 1, \"placeholders\": [6, 7], \"changed_date\": \"2014-12-03T22:37:33Z\", \"limit_visibility_in_menu\": null, \"parent\": 1, \"soft_root\": false, \"is_home\": false, \"publication_date\": \"2014-12-03T22:29:43Z\", \"creation_date\": \"2014-12-03T22:28:19Z\", \"level\": 1, \"changed_by\": \"admin\", \"application_urls\": \"\", \"xframe_options\": 0, \"revision_id\": 0}}]", 
    "revision": 18
  }
},
{
  "pk": 96, 
  "model": "reversion.version", 
  "fields": {
    "format": "json", 
    "object_repr": "4", 
    "object_id": "4", 
    "content_type": 11, 
    "object_id_int": 4, 
    "serialized_data": "[{\"pk\": 4, \"model\": \"cms.cmsplugin\", \"fields\": {\"rght\": 3, \"changed_date\": \"2014-12-03T22:37:18Z\", \"parent\": 3, \"language\": \"en\", \"level\": 1, \"creation_date\": \"2014-12-03T22:36:28Z\", \"lft\": 2, \"tree_id\": 3, \"position\": 0, \"placeholder\": 6, \"plugin_type\": \"LinkPlugin\"}}]", 
    "revision": 18
  }
},
{
  "pk": 97, 
  "model": "reversion.version", 
  "fields": {
    "format": "json", 
    "object_repr": "5", 
    "object_id": "5", 
    "content_type": 11, 
    "object_id_int": 5, 
    "serialized_data": "[{\"pk\": 5, \"model\": \"cms.cmsplugin\", \"fields\": {\"rght\": 2, \"changed_date\": \"2014-12-03T22:39:38Z\", \"parent\": null, \"language\": \"en\", \"level\": 0, \"creation_date\": \"2014-12-03T22:37:33Z\", \"lft\": 1, \"tree_id\": 4, \"position\": 2, \"placeholder\": 6, \"plugin_type\": \"GoogleMapPlugin\"}}]", 
    "revision": 18
  }
},
{
  "pk": 98, 
  "model": "reversion.version", 
  "fields": {
    "format": "json", 
    "object_repr": "3", 
    "object_id": "3", 
    "content_type": 11, 
    "object_id_int": 3, 
    "serialized_data": "[{\"pk\": 3, \"model\": \"cms.cmsplugin\", \"fields\": {\"rght\": 4, \"changed_date\": \"2014-12-03T22:37:24Z\", \"parent\": null, \"language\": \"en\", \"level\": 0, \"creation_date\": \"2014-12-03T22:33:26Z\", \"lft\": 1, \"tree_id\": 3, \"position\": 0, \"placeholder\": 6, \"plugin_type\": \"TextPlugin\"}}]", 
    "revision": 19
  }
},
{
  "pk": 99, 
  "model": "reversion.version", 
  "fields": {
    "format": "json", 
    "object_repr": "One (one, en)", 
    "object_id": "3", 
    "content_type": 17, 
    "object_id_int": 3, 
    "serialized_data": "[{\"pk\": 3, \"model\": \"cms.title\", \"fields\": {\"menu_title\": \"\", \"meta_description\": \"\", \"page_title\": \"\", \"language\": \"en\", \"title\": \"One\", \"has_url_overwrite\": false, \"redirect\": \"\", \"publisher_is_draft\": true, \"page\": 3, \"published\": true, \"path\": \"one\", \"publisher_state\": 0, \"creation_date\": \"2014-12-03T22:28:19Z\", \"slug\": \"one\", \"publisher_public\": 4}}]", 
    "revision": 19
  }
},
{
  "pk": 100, 
  "model": "reversion.version", 
  "fields": {
    "format": "json", 
    "object_repr": "Once again, we're...", 
    "object_id": "3", 
    "content_type": 1, 
    "object_id_int": 3, 
    "serialized_data": "[{\"pk\": 3, \"model\": \"djangocms_text_ckeditor.text\", \"fields\": {\"body\": \"<p>Once again, we're at the <img alt=\\\"Link\\\" id=\\\"plugin_obj_4\\\" src=\\\"/static/cms/img/icons/plugins/link.png\\\" title=\\\"Link - Matteson Community Center\\\">.</p>\\n\"}}]", 
    "revision": 19
  }
},
{
  "pk": 101, 
  "model": "reversion.version", 
  "fields": {
    "format": "json", 
    "object_repr": "Matteson Community Center", 
    "object_id": "4", 
    "content_type": 30, 
    "object_id_int": 4, 
    "serialized_data": "[{\"pk\": 4, \"model\": \"djangocms_link.link\", \"fields\": {\"mailto\": \"\", \"name\": \"Matteson Community Center\", \"url\": \"http://www.mattesoncommunitycenter.com/\", \"page_link\": null, \"phone\": \"\", \"anchor\": \"\", \"target\": \"_blank\"}}]", 
    "revision": 19
  }
},
{
  "pk": 102, 
  "model": "reversion.version", 
  "fields": {
    "format": "json", 
    "object_repr": "Matteson Community Center (20642 Matteson Ave, 60443 Matteson, IL)", 
    "object_id": "5", 
    "content_type": 28, 
    "object_id_int": 5, 
    "serialized_data": "[{\"pk\": 5, \"model\": \"djangocms_googlemap.googlemap\", \"fields\": {\"city\": \"Matteson, IL\", \"keyboard_shortcuts\": true, \"street_view_control\": true, \"title\": \"Matteson Community Center\", \"info_window\": true, \"zoom_control\": true, \"scrollwheel\": true, \"zoom\": 13, \"zipcode\": \"60443\", \"content\": \"\", \"width\": \"100%\", \"route_planer_title\": \"Calculate your fastest way to here\", \"pan_control\": true, \"draggable\": true, \"route_planer\": false, \"address\": \"20642 Matteson Ave\", \"lat\": null, \"lng\": null, \"height\": \"400px\", \"double_click_zoom\": true}}]", 
    "revision": 19
  }
},
{
  "pk": 103, 
  "model": "reversion.version", 
  "fields": {
    "format": "json", 
    "object_repr": "content", 
    "object_id": "6", 
    "content_type": 10, 
    "object_id_int": 6, 
    "serialized_data": "[{\"pk\": 6, \"model\": \"cms.placeholder\", \"fields\": {\"slot\": \"content\", \"default_width\": null}}]", 
    "revision": 19
  }
},
{
  "pk": 104, 
  "model": "reversion.version", 
  "fields": {
    "format": "json", 
    "object_repr": "footer-text", 
    "object_id": "7", 
    "content_type": 10, 
    "object_id_int": 7, 
    "serialized_data": "[{\"pk\": 7, \"model\": \"cms.placeholder\", \"fields\": {\"slot\": \"footer-text\", \"default_width\": null}}]", 
    "revision": 19
  }
},
{
  "pk": 105, 
  "model": "reversion.version", 
  "fields": {
    "format": "json", 
    "object_repr": "One", 
    "object_id": "3", 
    "content_type": 12, 
    "object_id_int": 3, 
    "serialized_data": "[{\"pk\": 3, \"model\": \"cms.page\", \"fields\": {\"rght\": 7, \"navigation_extenders\": \"\", \"site\": 1, \"application_namespace\": null, \"lft\": 2, \"in_navigation\": true, \"reverse_id\": null, \"login_required\": false, \"created_by\": \"admin\", \"languages\": \"en\", \"publication_end_date\": null, \"template\": \"text.html\", \"tree_id\": 1, \"placeholders\": [6, 7], \"changed_date\": \"2014-12-03T22:39:51.142Z\", \"limit_visibility_in_menu\": null, \"parent\": 1, \"soft_root\": false, \"is_home\": false, \"publication_date\": \"2014-12-03T22:29:43Z\", \"creation_date\": \"2014-12-03T22:28:19Z\", \"level\": 1, \"changed_by\": \"admin\", \"application_urls\": \"\", \"xframe_options\": 0, \"revision_id\": 0}}]", 
    "revision": 19
  }
},
{
  "pk": 106, 
  "model": "reversion.version", 
  "fields": {
    "format": "json", 
    "object_repr": "4", 
    "object_id": "4", 
    "content_type": 11, 
    "object_id_int": 4, 
    "serialized_data": "[{\"pk\": 4, \"model\": \"cms.cmsplugin\", \"fields\": {\"rght\": 3, \"changed_date\": \"2014-12-03T22:37:18Z\", \"parent\": 3, \"language\": \"en\", \"level\": 1, \"creation_date\": \"2014-12-03T22:36:28Z\", \"lft\": 2, \"tree_id\": 3, \"position\": 0, \"placeholder\": 6, \"plugin_type\": \"LinkPlugin\"}}]", 
    "revision": 19
  }
},
{
  "pk": 107, 
  "model": "reversion.version", 
  "fields": {
    "format": "json", 
    "object_repr": "5", 
    "object_id": "5", 
    "content_type": 11, 
    "object_id_int": 5, 
    "serialized_data": "[{\"pk\": 5, \"model\": \"cms.cmsplugin\", \"fields\": {\"rght\": 2, \"changed_date\": \"2014-12-03T22:39:38Z\", \"parent\": null, \"language\": \"en\", \"level\": 0, \"creation_date\": \"2014-12-03T22:37:33Z\", \"lft\": 1, \"tree_id\": 4, \"position\": 2, \"placeholder\": 6, \"plugin_type\": \"GoogleMapPlugin\"}}]", 
    "revision": 19
  }
},
{
  "pk": 108, 
  "model": "reversion.version", 
  "fields": {
    "format": "json", 
    "object_repr": "Home", 
    "object_id": "1", 
    "content_type": 12, 
    "object_id_int": 1, 
    "serialized_data": "[{\"pk\": 1, \"model\": \"cms.page\", \"fields\": {\"rght\": 8, \"navigation_extenders\": \"\", \"site\": 1, \"application_namespace\": null, \"lft\": 1, \"in_navigation\": true, \"reverse_id\": null, \"login_required\": false, \"created_by\": \"admin\", \"languages\": \"en\", \"publication_end_date\": null, \"template\": \"home.html\", \"tree_id\": 1, \"placeholders\": [2, 4], \"changed_date\": \"2014-12-03T22:20:02Z\", \"limit_visibility_in_menu\": null, \"parent\": null, \"soft_root\": false, \"is_home\": true, \"publication_date\": \"2014-12-03T22:16:55Z\", \"creation_date\": \"2014-12-03T22:16:55Z\", \"level\": 0, \"changed_by\": \"admin\", \"application_urls\": \"\", \"xframe_options\": 0, \"revision_id\": 0}}]", 
    "revision": 20
  }
},
{
  "pk": 109, 
  "model": "reversion.version", 
  "fields": {
    "format": "json", 
    "object_repr": "content", 
    "object_id": "2", 
    "content_type": 10, 
    "object_id_int": 2, 
    "serialized_data": "[{\"pk\": 2, \"model\": \"cms.placeholder\", \"fields\": {\"slot\": \"content\", \"default_width\": null}}]", 
    "revision": 20
  }
},
{
  "pk": 110, 
  "model": "reversion.version", 
  "fields": {
    "format": "json", 
    "object_repr": "footer-text", 
    "object_id": "4", 
    "content_type": 10, 
    "object_id_int": 4, 
    "serialized_data": "[{\"pk\": 4, \"model\": \"cms.placeholder\", \"fields\": {\"slot\": \"footer-text\", \"default_width\": null}}]", 
    "revision": 20
  }
},
{
  "pk": 111, 
  "model": "reversion.version", 
  "fields": {
    "format": "json", 
    "object_repr": "Maneki Neko Con...", 
    "object_id": "1", 
    "content_type": 1, 
    "object_id_int": 1, 
    "serialized_data": "[{\"pk\": 1, \"model\": \"djangocms_text_ckeditor.text\", \"fields\": {\"body\": \"<p>Maneki Neko Con is an all-ages science fiction, fantasy, anime, gaming, comics, and miscellaneous geeky fandom convention in Chicago's south suburbs.</p>\\n\"}}]", 
    "revision": 20
  }
},
{
  "pk": 112, 
  "model": "reversion.version", 
  "fields": {
    "format": "json", 
    "object_repr": "9", 
    "object_id": "9", 
    "content_type": 11, 
    "object_id_int": 9, 
    "serialized_data": "[{\"pk\": 9, \"model\": \"cms.cmsplugin\", \"fields\": {\"rght\": 2, \"changed_date\": \"2014-12-03T22:42:54Z\", \"parent\": null, \"language\": \"en\", \"level\": 0, \"creation_date\": \"2014-12-03T22:42:54Z\", \"lft\": 1, \"tree_id\": 7, \"position\": 0, \"placeholder\": 2, \"plugin_type\": \"TextPlugin\"}}]", 
    "revision": 20
  }
},
{
  "pk": 113, 
  "model": "reversion.version", 
  "fields": {
    "format": "json", 
    "object_repr": "Home (home, en)", 
    "object_id": "1", 
    "content_type": 17, 
    "object_id_int": 1, 
    "serialized_data": "[{\"pk\": 1, \"model\": \"cms.title\", \"fields\": {\"menu_title\": \"\", \"meta_description\": \"\", \"page_title\": \"\", \"language\": \"en\", \"title\": \"Home\", \"has_url_overwrite\": false, \"redirect\": \"\", \"publisher_is_draft\": true, \"page\": 1, \"published\": true, \"path\": \"\", \"publisher_state\": 1, \"creation_date\": \"2014-12-03T22:16:55Z\", \"slug\": \"home\", \"publisher_public\": 2}}]", 
    "revision": 20
  }
},
{
  "pk": 114, 
  "model": "reversion.version", 
  "fields": {
    "format": "json", 
    "object_repr": "1", 
    "object_id": "1", 
    "content_type": 11, 
    "object_id_int": 1, 
    "serialized_data": "[{\"pk\": 1, \"model\": \"cms.cmsplugin\", \"fields\": {\"rght\": 2, \"changed_date\": \"2014-12-03T22:19:53Z\", \"parent\": null, \"language\": \"en\", \"level\": 0, \"creation_date\": \"2014-12-03T22:18:20Z\", \"lft\": 1, \"tree_id\": 1, \"position\": 0, \"placeholder\": 4, \"plugin_type\": \"TextPlugin\"}}]", 
    "revision": 20
  }
},
{
  "pk": 115, 
  "model": "reversion.version", 
  "fields": {
    "format": "json", 
    "object_repr": "Home", 
    "object_id": "1", 
    "content_type": 12, 
    "object_id_int": 1, 
    "serialized_data": "[{\"pk\": 1, \"model\": \"cms.page\", \"fields\": {\"rght\": 8, \"navigation_extenders\": \"\", \"site\": 1, \"application_namespace\": null, \"lft\": 1, \"in_navigation\": true, \"reverse_id\": null, \"login_required\": false, \"created_by\": \"admin\", \"languages\": \"en\", \"publication_end_date\": null, \"template\": \"home.html\", \"tree_id\": 1, \"placeholders\": [2, 4], \"changed_date\": \"2014-12-03T22:42:54Z\", \"limit_visibility_in_menu\": null, \"parent\": null, \"soft_root\": false, \"is_home\": true, \"publication_date\": \"2014-12-03T22:16:55Z\", \"creation_date\": \"2014-12-03T22:16:55Z\", \"level\": 0, \"changed_by\": \"admin\", \"application_urls\": \"\", \"xframe_options\": 0, \"revision_id\": 0}}]", 
    "revision": 21
  }
},
{
  "pk": 116, 
  "model": "reversion.version", 
  "fields": {
    "format": "json", 
    "object_repr": "content", 
    "object_id": "2", 
    "content_type": 10, 
    "object_id_int": 2, 
    "serialized_data": "[{\"pk\": 2, \"model\": \"cms.placeholder\", \"fields\": {\"slot\": \"content\", \"default_width\": null}}]", 
    "revision": 21
  }
},
{
  "pk": 117, 
  "model": "reversion.version", 
  "fields": {
    "format": "json", 
    "object_repr": "footer-text", 
    "object_id": "4", 
    "content_type": 10, 
    "object_id_int": 4, 
    "serialized_data": "[{\"pk\": 4, \"model\": \"cms.placeholder\", \"fields\": {\"slot\": \"footer-text\", \"default_width\": null}}]", 
    "revision": 21
  }
},
{
  "pk": 118, 
  "model": "reversion.version", 
  "fields": {
    "format": "json", 
    "object_repr": "Maneki Neko Con...", 
    "object_id": "1", 
    "content_type": 1, 
    "object_id_int": 1, 
    "serialized_data": "[{\"pk\": 1, \"model\": \"djangocms_text_ckeditor.text\", \"fields\": {\"body\": \"<p>Maneki Neko Con is an all-ages science fiction, fantasy, anime, gaming, comics, and miscellaneous geeky fandom convention in Chicago's south suburbs.</p>\\n\"}}]", 
    "revision": 21
  }
},
{
  "pk": 119, 
  "model": "reversion.version", 
  "fields": {
    "format": "json", 
    "object_repr": "Lorem ipsum dolor...", 
    "object_id": "9", 
    "content_type": 1, 
    "object_id_int": 9, 
    "serialized_data": "[{\"pk\": 9, \"model\": \"djangocms_text_ckeditor.text\", \"fields\": {\"body\": \"<p>Lorem ipsum dolor sit amet, sumo labore voluptaria his et, harum consequat temporibus an quo. Mel an nonumy libris iuvaret, has at nostrud delicata conceptam. Eam quot veniam accusamus cu. Eu mel molestiae consequuntur, vix et viderer atomorum maluisset. Eos ut soleat nemore.</p>\\n\\n<p>Possim quodsi ad cum. In cum doctus fabulas tincidunt. Duo brute partiendo referrentur in. Saepe consetetur delicatissimi quo no, veritus mentitum offendit in est.</p>\\n\\n<p>Movet iracundia eu eos, at eius adhuc doctus eum, modo mnesarchum voluptatum ad his. Mel no recusabo periculis, elit veniam timeam cu quo. Vel cu feugait tacimates aliquando, at eum eligendi electram. In consul euismod delicata mea.</p>\\n\\n<p>Duo te purto oblique, aeterno quaestio expetendis ad mei. Ut ancillae nominavi volutpat nec, velit dicit everti est cu, his hinc dicant nemore ne. Et stet legere sea, ei pri petentium torquatos, id has indoctum electram vituperatoribus. In nibh quaerendum sea. Qui voluptua assentior philosophia et, et labore principes incorrupte qui, eu sed sensibus comprehensam. Ex adhuc laudem pri.</p>\\n\\n<p>Usu et dicant discere, alia consetetur honestatis no vim, commune assueverit vel te. Magna mutat mei ut, te malorum conceptam adolescens per. Intellegam honestatis scripserit his id, ne liber fabulas antiopam eum, ea propriae molestie ius. Mel et expetenda dissentiet, in nisl dissentiunt eam.</p>\\n\"}}]", 
    "revision": 21
  }
},
{
  "pk": 120, 
  "model": "reversion.version", 
  "fields": {
    "format": "json", 
    "object_repr": "Home (home, en)", 
    "object_id": "1", 
    "content_type": 17, 
    "object_id_int": 1, 
    "serialized_data": "[{\"pk\": 1, \"model\": \"cms.title\", \"fields\": {\"menu_title\": \"\", \"meta_description\": \"\", \"page_title\": \"\", \"language\": \"en\", \"title\": \"Home\", \"has_url_overwrite\": false, \"redirect\": \"\", \"publisher_is_draft\": true, \"page\": 1, \"published\": true, \"path\": \"\", \"publisher_state\": 1, \"creation_date\": \"2014-12-03T22:16:55Z\", \"slug\": \"home\", \"publisher_public\": 2}}]", 
    "revision": 21
  }
},
{
  "pk": 121, 
  "model": "reversion.version", 
  "fields": {
    "format": "json", 
    "object_repr": "1", 
    "object_id": "1", 
    "content_type": 11, 
    "object_id_int": 1, 
    "serialized_data": "[{\"pk\": 1, \"model\": \"cms.cmsplugin\", \"fields\": {\"rght\": 2, \"changed_date\": \"2014-12-03T22:19:53Z\", \"parent\": null, \"language\": \"en\", \"level\": 0, \"creation_date\": \"2014-12-03T22:18:20Z\", \"lft\": 1, \"tree_id\": 1, \"position\": 0, \"placeholder\": 4, \"plugin_type\": \"TextPlugin\"}}]", 
    "revision": 21
  }
},
{
  "pk": 122, 
  "model": "reversion.version", 
  "fields": {
    "format": "json", 
    "object_repr": "9", 
    "object_id": "9", 
    "content_type": 11, 
    "object_id_int": 9, 
    "serialized_data": "[{\"pk\": 9, \"model\": \"cms.cmsplugin\", \"fields\": {\"rght\": 2, \"changed_date\": \"2014-12-03T22:43:08Z\", \"parent\": null, \"language\": \"en\", \"level\": 0, \"creation_date\": \"2014-12-03T22:42:54Z\", \"lft\": 1, \"tree_id\": 7, \"position\": 0, \"placeholder\": 2, \"plugin_type\": \"TextPlugin\"}}]", 
    "revision": 21
  }
},
{
  "pk": 123, 
  "model": "reversion.version", 
  "fields": {
    "format": "json", 
    "object_repr": "Home", 
    "object_id": "1", 
    "content_type": 12, 
    "object_id_int": 1, 
    "serialized_data": "[{\"pk\": 1, \"model\": \"cms.page\", \"fields\": {\"rght\": 8, \"navigation_extenders\": \"\", \"site\": 1, \"application_namespace\": null, \"lft\": 1, \"in_navigation\": true, \"reverse_id\": null, \"login_required\": false, \"created_by\": \"admin\", \"languages\": \"en\", \"publication_end_date\": null, \"template\": \"home.html\", \"tree_id\": 1, \"placeholders\": [2, 4], \"changed_date\": \"2014-12-03T22:43:17.819Z\", \"limit_visibility_in_menu\": null, \"parent\": null, \"soft_root\": false, \"is_home\": true, \"publication_date\": \"2014-12-03T22:16:55Z\", \"creation_date\": \"2014-12-03T22:16:55Z\", \"level\": 0, \"changed_by\": \"admin\", \"application_urls\": \"\", \"xframe_options\": 0, \"revision_id\": 0}}]", 
    "revision": 22
  }
},
{
  "pk": 124, 
  "model": "reversion.version", 
  "fields": {
    "format": "json", 
    "object_repr": "content", 
    "object_id": "2", 
    "content_type": 10, 
    "object_id_int": 2, 
    "serialized_data": "[{\"pk\": 2, \"model\": \"cms.placeholder\", \"fields\": {\"slot\": \"content\", \"default_width\": null}}]", 
    "revision": 22
  }
},
{
  "pk": 125, 
  "model": "reversion.version", 
  "fields": {
    "format": "json", 
    "object_repr": "footer-text", 
    "object_id": "4", 
    "content_type": 10, 
    "object_id_int": 4, 
    "serialized_data": "[{\"pk\": 4, \"model\": \"cms.placeholder\", \"fields\": {\"slot\": \"footer-text\", \"default_width\": null}}]", 
    "revision": 22
  }
},
{
  "pk": 126, 
  "model": "reversion.version", 
  "fields": {
    "format": "json", 
    "object_repr": "Maneki Neko Con...", 
    "object_id": "1", 
    "content_type": 1, 
    "object_id_int": 1, 
    "serialized_data": "[{\"pk\": 1, \"model\": \"djangocms_text_ckeditor.text\", \"fields\": {\"body\": \"<p>Maneki Neko Con is an all-ages science fiction, fantasy, anime, gaming, comics, and miscellaneous geeky fandom convention in Chicago's south suburbs.</p>\\n\"}}]", 
    "revision": 22
  }
},
{
  "pk": 127, 
  "model": "reversion.version", 
  "fields": {
    "format": "json", 
    "object_repr": "Lorem ipsum dolor...", 
    "object_id": "9", 
    "content_type": 1, 
    "object_id_int": 9, 
    "serialized_data": "[{\"pk\": 9, \"model\": \"djangocms_text_ckeditor.text\", \"fields\": {\"body\": \"<p>Lorem ipsum dolor sit amet, sumo labore voluptaria his et, harum consequat temporibus an quo. Mel an nonumy libris iuvaret, has at nostrud delicata conceptam. Eam quot veniam accusamus cu. Eu mel molestiae consequuntur, vix et viderer atomorum maluisset. Eos ut soleat nemore.</p>\\n\\n<p>Possim quodsi ad cum. In cum doctus fabulas tincidunt. Duo brute partiendo referrentur in. Saepe consetetur delicatissimi quo no, veritus mentitum offendit in est.</p>\\n\\n<p>Movet iracundia eu eos, at eius adhuc doctus eum, modo mnesarchum voluptatum ad his. Mel no recusabo periculis, elit veniam timeam cu quo. Vel cu feugait tacimates aliquando, at eum eligendi electram. In consul euismod delicata mea.</p>\\n\\n<p>Duo te purto oblique, aeterno quaestio expetendis ad mei. Ut ancillae nominavi volutpat nec, velit dicit everti est cu, his hinc dicant nemore ne. Et stet legere sea, ei pri petentium torquatos, id has indoctum electram vituperatoribus. In nibh quaerendum sea. Qui voluptua assentior philosophia et, et labore principes incorrupte qui, eu sed sensibus comprehensam. Ex adhuc laudem pri.</p>\\n\\n<p>Usu et dicant discere, alia consetetur honestatis no vim, commune assueverit vel te. Magna mutat mei ut, te malorum conceptam adolescens per. Intellegam honestatis scripserit his id, ne liber fabulas antiopam eum, ea propriae molestie ius. Mel et expetenda dissentiet, in nisl dissentiunt eam.</p>\\n\"}}]", 
    "revision": 22
  }
},
{
  "pk": 128, 
  "model": "reversion.version", 
  "fields": {
    "format": "json", 
    "object_repr": "Home (home, en)", 
    "object_id": "1", 
    "content_type": 17, 
    "object_id_int": 1, 
    "serialized_data": "[{\"pk\": 1, \"model\": \"cms.title\", \"fields\": {\"menu_title\": \"\", \"meta_description\": \"\", \"page_title\": \"\", \"language\": \"en\", \"title\": \"Home\", \"has_url_overwrite\": false, \"redirect\": \"\", \"publisher_is_draft\": true, \"page\": 1, \"published\": true, \"path\": \"\", \"publisher_state\": 0, \"creation_date\": \"2014-12-03T22:16:55Z\", \"slug\": \"home\", \"publisher_public\": 2}}]", 
    "revision": 22
  }
},
{
  "pk": 129, 
  "model": "reversion.version", 
  "fields": {
    "format": "json", 
    "object_repr": "1", 
    "object_id": "1", 
    "content_type": 11, 
    "object_id_int": 1, 
    "serialized_data": "[{\"pk\": 1, \"model\": \"cms.cmsplugin\", \"fields\": {\"rght\": 2, \"changed_date\": \"2014-12-03T22:19:53Z\", \"parent\": null, \"language\": \"en\", \"level\": 0, \"creation_date\": \"2014-12-03T22:18:20Z\", \"lft\": 1, \"tree_id\": 1, \"position\": 0, \"placeholder\": 4, \"plugin_type\": \"TextPlugin\"}}]", 
    "revision": 22
  }
},
{
  "pk": 130, 
  "model": "reversion.version", 
  "fields": {
    "format": "json", 
    "object_repr": "9", 
    "object_id": "9", 
    "content_type": 11, 
    "object_id_int": 9, 
    "serialized_data": "[{\"pk\": 9, \"model\": \"cms.cmsplugin\", \"fields\": {\"rght\": 2, \"changed_date\": \"2014-12-03T22:43:08Z\", \"parent\": null, \"language\": \"en\", \"level\": 0, \"creation_date\": \"2014-12-03T22:42:54Z\", \"lft\": 1, \"tree_id\": 7, \"position\": 0, \"placeholder\": 2, \"plugin_type\": \"TextPlugin\"}}]", 
    "revision": 22
  }
},
{
  "pk": 131, 
  "model": "reversion.version", 
  "fields": {
    "format": "json", 
    "object_repr": "content", 
    "object_id": "10", 
    "content_type": 10, 
    "object_id_int": 10, 
    "serialized_data": "[{\"pk\": 10, \"model\": \"cms.placeholder\", \"fields\": {\"slot\": \"content\", \"default_width\": null}}]", 
    "revision": 23
  }
},
{
  "pk": 132, 
  "model": "reversion.version", 
  "fields": {
    "format": "json", 
    "object_repr": "footer-text", 
    "object_id": "11", 
    "content_type": 10, 
    "object_id_int": 11, 
    "serialized_data": "[{\"pk\": 11, \"model\": \"cms.placeholder\", \"fields\": {\"slot\": \"footer-text\", \"default_width\": null}}]", 
    "revision": 23
  }
},
{
  "pk": 133, 
  "model": "reversion.version", 
  "fields": {
    "format": "json", 
    "object_repr": "12", 
    "object_id": "12", 
    "content_type": 11, 
    "object_id_int": 12, 
    "serialized_data": "[{\"pk\": 12, \"model\": \"cms.cmsplugin\", \"fields\": {\"rght\": 2, \"changed_date\": \"2014-12-03T22:44:33Z\", \"parent\": null, \"language\": \"en\", \"level\": 0, \"creation_date\": \"2014-12-03T22:44:33Z\", \"lft\": 1, \"tree_id\": 10, \"position\": 0, \"placeholder\": 10, \"plugin_type\": \"TextPlugin\"}}]", 
    "revision": 23
  }
},
{
  "pk": 134, 
  "model": "reversion.version", 
  "fields": {
    "format": "json", 
    "object_repr": "Two", 
    "object_id": "5", 
    "content_type": 12, 
    "object_id_int": 5, 
    "serialized_data": "[{\"pk\": 5, \"model\": \"cms.page\", \"fields\": {\"rght\": 4, \"navigation_extenders\": null, \"site\": 1, \"application_namespace\": null, \"lft\": 3, \"in_navigation\": true, \"reverse_id\": null, \"login_required\": false, \"created_by\": \"admin\", \"languages\": \"en\", \"publication_end_date\": null, \"template\": \"INHERIT\", \"tree_id\": 1, \"placeholders\": [10, 11], \"changed_date\": \"2014-12-03T22:30:21Z\", \"limit_visibility_in_menu\": null, \"parent\": 3, \"soft_root\": false, \"is_home\": false, \"publication_date\": \"2014-12-03T22:30:20Z\", \"creation_date\": \"2014-12-03T22:30:05Z\", \"level\": 2, \"changed_by\": \"admin\", \"application_urls\": null, \"xframe_options\": 0, \"revision_id\": 0}}]", 
    "revision": 23
  }
},
{
  "pk": 135, 
  "model": "reversion.version", 
  "fields": {
    "format": "json", 
    "object_repr": "Two (two, en)", 
    "object_id": "5", 
    "content_type": 17, 
    "object_id_int": 5, 
    "serialized_data": "[{\"pk\": 5, \"model\": \"cms.title\", \"fields\": {\"menu_title\": \"\", \"meta_description\": \"\", \"page_title\": \"\", \"language\": \"en\", \"title\": \"Two\", \"has_url_overwrite\": false, \"redirect\": null, \"publisher_is_draft\": true, \"page\": 5, \"published\": true, \"path\": \"one/two\", \"publisher_state\": 1, \"creation_date\": \"2014-12-03T22:30:05Z\", \"slug\": \"two\", \"publisher_public\": 6}}]", 
    "revision": 23
  }
},
{
  "pk": 136, 
  "model": "reversion.version", 
  "fields": {
    "format": "json", 
    "object_repr": "Two", 
    "object_id": "5", 
    "content_type": 12, 
    "object_id_int": 5, 
    "serialized_data": "[{\"pk\": 5, \"model\": \"cms.page\", \"fields\": {\"rght\": 4, \"navigation_extenders\": null, \"site\": 1, \"application_namespace\": null, \"lft\": 3, \"in_navigation\": true, \"reverse_id\": null, \"login_required\": false, \"created_by\": \"admin\", \"languages\": \"en\", \"publication_end_date\": null, \"template\": \"INHERIT\", \"tree_id\": 1, \"placeholders\": [10, 11], \"changed_date\": \"2014-12-03T22:44:33Z\", \"limit_visibility_in_menu\": null, \"parent\": 3, \"soft_root\": false, \"is_home\": false, \"publication_date\": \"2014-12-03T22:30:20Z\", \"creation_date\": \"2014-12-03T22:30:05Z\", \"level\": 2, \"changed_by\": \"admin\", \"application_urls\": null, \"xframe_options\": 0, \"revision_id\": 0}}]", 
    "revision": 24
  }
},
{
  "pk": 137, 
  "model": "reversion.version", 
  "fields": {
    "format": "json", 
    "object_repr": "12", 
    "object_id": "12", 
    "content_type": 11, 
    "object_id_int": 12, 
    "serialized_data": "[{\"pk\": 12, \"model\": \"cms.cmsplugin\", \"fields\": {\"rght\": 2, \"changed_date\": \"2014-12-03T22:44:43Z\", \"parent\": null, \"language\": \"en\", \"level\": 0, \"creation_date\": \"2014-12-03T22:44:33Z\", \"lft\": 1, \"tree_id\": 10, \"position\": 0, \"placeholder\": 10, \"plugin_type\": \"TextPlugin\"}}]", 
    "revision": 24
  }
},
{
  "pk": 138, 
  "model": "reversion.version", 
  "fields": {
    "format": "json", 
    "object_repr": "content", 
    "object_id": "10", 
    "content_type": 10, 
    "object_id_int": 10, 
    "serialized_data": "[{\"pk\": 10, \"model\": \"cms.placeholder\", \"fields\": {\"slot\": \"content\", \"default_width\": null}}]", 
    "revision": 24
  }
},
{
  "pk": 139, 
  "model": "reversion.version", 
  "fields": {
    "format": "json", 
    "object_repr": "footer-text", 
    "object_id": "11", 
    "content_type": 10, 
    "object_id_int": 11, 
    "serialized_data": "[{\"pk\": 11, \"model\": \"cms.placeholder\", \"fields\": {\"slot\": \"footer-text\", \"default_width\": null}}]", 
    "revision": 24
  }
},
{
  "pk": 140, 
  "model": "reversion.version", 
  "fields": {
    "format": "json", 
    "object_repr": "Sonet definiebas usu...", 
    "object_id": "12", 
    "content_type": 1, 
    "object_id_int": 12, 
    "serialized_data": "[{\"pk\": 12, \"model\": \"djangocms_text_ckeditor.text\", \"fields\": {\"body\": \"<p>Sonet definiebas usu in, tation homero consetetur sit ea. Option appellantur his no. Quo agam unum alterum et, propriae scaevola convenire pro at, qui suavitate quaerendum et. Dicit graece per ei, per euismod explicari adipiscing no, cu ferri complectitur vim. Ei eripuit dissentias pri, pro ut habemus eloquentiam. Audire fierent quo et.</p>\\n\\n<p>Ex pro ferri pericula mediocritatem, in eum ridens alterum dissentiunt. Te choro adipiscing mel. Minimum repudiare ei eum. Dictas assueverit at nec, quidam viderer legimus ius id, vis ea phaedrum invenire. Appellantur intellegebat no mei, ei his probo imperdiet adipiscing, consul legere eirmod ea duo.</p>\\n\\n<p>Ne ceteros invenire tincidunt vel, ea exerci offendit has, et vix agam noster. Est ei error principes, ea has vide reque. Harum periculis democritum ad eam. In eos minim sonet complectitur, nam no hendrerit tincidunt. Id qui habeo discere quaestio, pro cu paulo iudico maiorum.</p>\\n\\n<p>Unum integre similique ut vim, at pro reque appareat perfecto. At pro enim omnesque deseruisse, nec sint mutat illud ut, pri ad sensibus rationibus. Pro at cibo novum ancillae, aeterno epicurei theophrastus ea cum. In mel denique expetenda, ei vix augue doming option.</p>\\n\\n<p>Ea quod quidam civibus has. Ut mundi discere dissentias usu, nam ea porro aliquip nominavi. Ad sit putant officiis prodesset. Modo fugit ei has.</p>\\n\\n<p>Et quas utinam quaeque his, id nec tibique erroribus consulatu, ut tation nominati eos. Rebum dicat no eos, delectus pertinax vim ut. At ponderum comprehensam vim, pro te ignota eripuit referrentur. Eu est amet nonumes vulputate.</p>\\n\\n<p>Affert adolescens constituam nec ex. Ut pri atomorum cotidieque. Te quo nisl facete eripuit. Eam mundi consectetuer no, natum praesent patrioque mea ad, dico falli percipit id qui.</p>\\n\\n<p>Pro semper numquam blandit ei. Verear saperet liberavisse cu est, aeterno accumsan intellegebat pro cu. Posse accusata in mel, agam probo epicurei ei quo. Graeci omittam perfecto et sea, has ei quando explicari mediocritatem, ne commune postulant liberavisse cum. Persius maiestatis vim ne, elit movet ubique ad his, id ceteros erroribus est. Simul officiis tacimates vix cu. No ipsum malorum vix.</p>\\n\\n<p>Duis mollis et vis, mollis aeterno alienum mel cu, sea animal laoreet tibique ei. Mel reque perpetua comprehensam no, harum mucius ea eos. Discere nominati partiendo pri te. Quem facilisi id quo. No graece menandri dissentiet qui, solet comprehensam ei eam. Accumsan detraxit ullamcorper an per.</p>\\n\\n<p>Ut consetetur vituperata his, ad inimicus erroribus has, in quando impedit vix. Eum ad mazim nonumes. Ubique veritus duo an, cu eos scripta mentitum salutatus, sed dolorum gloriatur ne. Eu vix gloriatur efficiendi, eu porro malorum aliquando eum.</p>\\n\"}}]", 
    "revision": 24
  }
},
{
  "pk": 141, 
  "model": "reversion.version", 
  "fields": {
    "format": "json", 
    "object_repr": "Two (two, en)", 
    "object_id": "5", 
    "content_type": 17, 
    "object_id_int": 5, 
    "serialized_data": "[{\"pk\": 5, \"model\": \"cms.title\", \"fields\": {\"menu_title\": \"\", \"meta_description\": \"\", \"page_title\": \"\", \"language\": \"en\", \"title\": \"Two\", \"has_url_overwrite\": false, \"redirect\": null, \"publisher_is_draft\": true, \"page\": 5, \"published\": true, \"path\": \"one/two\", \"publisher_state\": 1, \"creation_date\": \"2014-12-03T22:30:05Z\", \"slug\": \"two\", \"publisher_public\": 6}}]", 
    "revision": 24
  }
},
{
  "pk": 142, 
  "model": "reversion.version", 
  "fields": {
    "format": "json", 
    "object_repr": "Two", 
    "object_id": "5", 
    "content_type": 12, 
    "object_id_int": 5, 
    "serialized_data": "[{\"pk\": 5, \"model\": \"cms.page\", \"fields\": {\"rght\": 4, \"navigation_extenders\": null, \"site\": 1, \"application_namespace\": null, \"lft\": 3, \"in_navigation\": true, \"reverse_id\": null, \"login_required\": false, \"created_by\": \"admin\", \"languages\": \"en\", \"publication_end_date\": null, \"template\": \"INHERIT\", \"tree_id\": 1, \"placeholders\": [10, 11], \"changed_date\": \"2014-12-03T22:44:51.158Z\", \"limit_visibility_in_menu\": null, \"parent\": 3, \"soft_root\": false, \"is_home\": false, \"publication_date\": \"2014-12-03T22:30:20Z\", \"creation_date\": \"2014-12-03T22:30:05Z\", \"level\": 2, \"changed_by\": \"admin\", \"application_urls\": null, \"xframe_options\": 0, \"revision_id\": 0}}]", 
    "revision": 25
  }
},
{
  "pk": 143, 
  "model": "reversion.version", 
  "fields": {
    "format": "json", 
    "object_repr": "12", 
    "object_id": "12", 
    "content_type": 11, 
    "object_id_int": 12, 
    "serialized_data": "[{\"pk\": 12, \"model\": \"cms.cmsplugin\", \"fields\": {\"rght\": 2, \"changed_date\": \"2014-12-03T22:44:43Z\", \"parent\": null, \"language\": \"en\", \"level\": 0, \"creation_date\": \"2014-12-03T22:44:33Z\", \"lft\": 1, \"tree_id\": 10, \"position\": 0, \"placeholder\": 10, \"plugin_type\": \"TextPlugin\"}}]", 
    "revision": 25
  }
},
{
  "pk": 144, 
  "model": "reversion.version", 
  "fields": {
    "format": "json", 
    "object_repr": "content", 
    "object_id": "10", 
    "content_type": 10, 
    "object_id_int": 10, 
    "serialized_data": "[{\"pk\": 10, \"model\": \"cms.placeholder\", \"fields\": {\"slot\": \"content\", \"default_width\": null}}]", 
    "revision": 25
  }
},
{
  "pk": 145, 
  "model": "reversion.version", 
  "fields": {
    "format": "json", 
    "object_repr": "footer-text", 
    "object_id": "11", 
    "content_type": 10, 
    "object_id_int": 11, 
    "serialized_data": "[{\"pk\": 11, \"model\": \"cms.placeholder\", \"fields\": {\"slot\": \"footer-text\", \"default_width\": null}}]", 
    "revision": 25
  }
},
{
  "pk": 146, 
  "model": "reversion.version", 
  "fields": {
    "format": "json", 
    "object_repr": "Sonet definiebas usu...", 
    "object_id": "12", 
    "content_type": 1, 
    "object_id_int": 12, 
    "serialized_data": "[{\"pk\": 12, \"model\": \"djangocms_text_ckeditor.text\", \"fields\": {\"body\": \"<p>Sonet definiebas usu in, tation homero consetetur sit ea. Option appellantur his no. Quo agam unum alterum et, propriae scaevola convenire pro at, qui suavitate quaerendum et. Dicit graece per ei, per euismod explicari adipiscing no, cu ferri complectitur vim. Ei eripuit dissentias pri, pro ut habemus eloquentiam. Audire fierent quo et.</p>\\n\\n<p>Ex pro ferri pericula mediocritatem, in eum ridens alterum dissentiunt. Te choro adipiscing mel. Minimum repudiare ei eum. Dictas assueverit at nec, quidam viderer legimus ius id, vis ea phaedrum invenire. Appellantur intellegebat no mei, ei his probo imperdiet adipiscing, consul legere eirmod ea duo.</p>\\n\\n<p>Ne ceteros invenire tincidunt vel, ea exerci offendit has, et vix agam noster. Est ei error principes, ea has vide reque. Harum periculis democritum ad eam. In eos minim sonet complectitur, nam no hendrerit tincidunt. Id qui habeo discere quaestio, pro cu paulo iudico maiorum.</p>\\n\\n<p>Unum integre similique ut vim, at pro reque appareat perfecto. At pro enim omnesque deseruisse, nec sint mutat illud ut, pri ad sensibus rationibus. Pro at cibo novum ancillae, aeterno epicurei theophrastus ea cum. In mel denique expetenda, ei vix augue doming option.</p>\\n\\n<p>Ea quod quidam civibus has. Ut mundi discere dissentias usu, nam ea porro aliquip nominavi. Ad sit putant officiis prodesset. Modo fugit ei has.</p>\\n\\n<p>Et quas utinam quaeque his, id nec tibique erroribus consulatu, ut tation nominati eos. Rebum dicat no eos, delectus pertinax vim ut. At ponderum comprehensam vim, pro te ignota eripuit referrentur. Eu est amet nonumes vulputate.</p>\\n\\n<p>Affert adolescens constituam nec ex. Ut pri atomorum cotidieque. Te quo nisl facete eripuit. Eam mundi consectetuer no, natum praesent patrioque mea ad, dico falli percipit id qui.</p>\\n\\n<p>Pro semper numquam blandit ei. Verear saperet liberavisse cu est, aeterno accumsan intellegebat pro cu. Posse accusata in mel, agam probo epicurei ei quo. Graeci omittam perfecto et sea, has ei quando explicari mediocritatem, ne commune postulant liberavisse cum. Persius maiestatis vim ne, elit movet ubique ad his, id ceteros erroribus est. Simul officiis tacimates vix cu. No ipsum malorum vix.</p>\\n\\n<p>Duis mollis et vis, mollis aeterno alienum mel cu, sea animal laoreet tibique ei. Mel reque perpetua comprehensam no, harum mucius ea eos. Discere nominati partiendo pri te. Quem facilisi id quo. No graece menandri dissentiet qui, solet comprehensam ei eam. Accumsan detraxit ullamcorper an per.</p>\\n\\n<p>Ut consetetur vituperata his, ad inimicus erroribus has, in quando impedit vix. Eum ad mazim nonumes. Ubique veritus duo an, cu eos scripta mentitum salutatus, sed dolorum gloriatur ne. Eu vix gloriatur efficiendi, eu porro malorum aliquando eum.</p>\\n\"}}]", 
    "revision": 25
  }
},
{
  "pk": 147, 
  "model": "reversion.version", 
  "fields": {
    "format": "json", 
    "object_repr": "Two (two, en)", 
    "object_id": "5", 
    "content_type": 17, 
    "object_id_int": 5, 
    "serialized_data": "[{\"pk\": 5, \"model\": \"cms.title\", \"fields\": {\"menu_title\": \"\", \"meta_description\": \"\", \"page_title\": \"\", \"language\": \"en\", \"title\": \"Two\", \"has_url_overwrite\": false, \"redirect\": null, \"publisher_is_draft\": true, \"page\": 5, \"published\": true, \"path\": \"one/two\", \"publisher_state\": 0, \"creation_date\": \"2014-12-03T22:30:05Z\", \"slug\": \"two\", \"publisher_public\": 6}}]", 
    "revision": 25
  }
},
{
  "pk": 148, 
  "model": "reversion.version", 
  "fields": {
    "format": "json", 
    "object_repr": "Three (three, en)", 
    "object_id": "7", 
    "content_type": 17, 
    "object_id_int": 7, 
    "serialized_data": "[{\"pk\": 7, \"model\": \"cms.title\", \"fields\": {\"menu_title\": \"\", \"meta_description\": \"\", \"page_title\": \"\", \"language\": \"en\", \"title\": \"Three\", \"has_url_overwrite\": false, \"redirect\": null, \"publisher_is_draft\": true, \"page\": 7, \"published\": true, \"path\": \"one/three\", \"publisher_state\": 1, \"creation_date\": \"2014-12-03T22:30:41Z\", \"slug\": \"three\", \"publisher_public\": 8}}]", 
    "revision": 26
  }
},
{
  "pk": 149, 
  "model": "reversion.version", 
  "fields": {
    "format": "json", 
    "object_repr": "Three", 
    "object_id": "7", 
    "content_type": 12, 
    "object_id_int": 7, 
    "serialized_data": "[{\"pk\": 7, \"model\": \"cms.page\", \"fields\": {\"rght\": 6, \"navigation_extenders\": null, \"site\": 1, \"application_namespace\": null, \"lft\": 5, \"in_navigation\": true, \"reverse_id\": null, \"login_required\": false, \"created_by\": \"admin\", \"languages\": \"en\", \"publication_end_date\": null, \"template\": \"INHERIT\", \"tree_id\": 1, \"placeholders\": [14, 15], \"changed_date\": \"2014-12-03T22:30:55Z\", \"limit_visibility_in_menu\": null, \"parent\": 3, \"soft_root\": false, \"is_home\": false, \"publication_date\": \"2014-12-03T22:30:55Z\", \"creation_date\": \"2014-12-03T22:30:41Z\", \"level\": 2, \"changed_by\": \"admin\", \"application_urls\": null, \"xframe_options\": 0, \"revision_id\": 0}}]", 
    "revision": 26
  }
},
{
  "pk": 150, 
  "model": "reversion.version", 
  "fields": {
    "format": "json", 
    "object_repr": "content", 
    "object_id": "14", 
    "content_type": 10, 
    "object_id_int": 14, 
    "serialized_data": "[{\"pk\": 14, \"model\": \"cms.placeholder\", \"fields\": {\"slot\": \"content\", \"default_width\": null}}]", 
    "revision": 26
  }
},
{
  "pk": 151, 
  "model": "reversion.version", 
  "fields": {
    "format": "json", 
    "object_repr": "14", 
    "object_id": "14", 
    "content_type": 11, 
    "object_id_int": 14, 
    "serialized_data": "[{\"pk\": 14, \"model\": \"cms.cmsplugin\", \"fields\": {\"rght\": 2, \"changed_date\": \"2014-12-03T22:45:16Z\", \"parent\": null, \"language\": \"en\", \"level\": 0, \"creation_date\": \"2014-12-03T22:45:15Z\", \"lft\": 1, \"tree_id\": 12, \"position\": 0, \"placeholder\": 14, \"plugin_type\": \"TextPlugin\"}}]", 
    "revision": 26
  }
},
{
  "pk": 152, 
  "model": "reversion.version", 
  "fields": {
    "format": "json", 
    "object_repr": "footer-text", 
    "object_id": "15", 
    "content_type": 10, 
    "object_id_int": 15, 
    "serialized_data": "[{\"pk\": 15, \"model\": \"cms.placeholder\", \"fields\": {\"slot\": \"footer-text\", \"default_width\": null}}]", 
    "revision": 26
  }
},
{
  "pk": 153, 
  "model": "reversion.version", 
  "fields": {
    "format": "json", 
    "object_repr": "Three (three, en)", 
    "object_id": "7", 
    "content_type": 17, 
    "object_id_int": 7, 
    "serialized_data": "[{\"pk\": 7, \"model\": \"cms.title\", \"fields\": {\"menu_title\": \"\", \"meta_description\": \"\", \"page_title\": \"\", \"language\": \"en\", \"title\": \"Three\", \"has_url_overwrite\": false, \"redirect\": null, \"publisher_is_draft\": true, \"page\": 7, \"published\": true, \"path\": \"one/three\", \"publisher_state\": 1, \"creation_date\": \"2014-12-03T22:30:41Z\", \"slug\": \"three\", \"publisher_public\": 8}}]", 
    "revision": 27
  }
},
{
  "pk": 154, 
  "model": "reversion.version", 
  "fields": {
    "format": "json", 
    "object_repr": "14", 
    "object_id": "14", 
    "content_type": 11, 
    "object_id_int": 14, 
    "serialized_data": "[{\"pk\": 14, \"model\": \"cms.cmsplugin\", \"fields\": {\"rght\": 2, \"changed_date\": \"2014-12-03T22:45:44Z\", \"parent\": null, \"language\": \"en\", \"level\": 0, \"creation_date\": \"2014-12-03T22:45:15Z\", \"lft\": 1, \"tree_id\": 12, \"position\": 0, \"placeholder\": 14, \"plugin_type\": \"TextPlugin\"}}]", 
    "revision": 27
  }
},
{
  "pk": 155, 
  "model": "reversion.version", 
  "fields": {
    "format": "json", 
    "object_repr": "Three", 
    "object_id": "7", 
    "content_type": 12, 
    "object_id_int": 7, 
    "serialized_data": "[{\"pk\": 7, \"model\": \"cms.page\", \"fields\": {\"rght\": 6, \"navigation_extenders\": null, \"site\": 1, \"application_namespace\": null, \"lft\": 5, \"in_navigation\": true, \"reverse_id\": null, \"login_required\": false, \"created_by\": \"admin\", \"languages\": \"en\", \"publication_end_date\": null, \"template\": \"INHERIT\", \"tree_id\": 1, \"placeholders\": [14, 15], \"changed_date\": \"2014-12-03T22:45:16Z\", \"limit_visibility_in_menu\": null, \"parent\": 3, \"soft_root\": false, \"is_home\": false, \"publication_date\": \"2014-12-03T22:30:55Z\", \"creation_date\": \"2014-12-03T22:30:41Z\", \"level\": 2, \"changed_by\": \"admin\", \"application_urls\": null, \"xframe_options\": 0, \"revision_id\": 0}}]", 
    "revision": 27
  }
},
{
  "pk": 156, 
  "model": "reversion.version", 
  "fields": {
    "format": "json", 
    "object_repr": "content", 
    "object_id": "14", 
    "content_type": 10, 
    "object_id_int": 14, 
    "serialized_data": "[{\"pk\": 14, \"model\": \"cms.placeholder\", \"fields\": {\"slot\": \"content\", \"default_width\": null}}]", 
    "revision": 27
  }
},
{
  "pk": 157, 
  "model": "reversion.version", 
  "fields": {
    "format": "json", 
    "object_repr": "footer-text", 
    "object_id": "15", 
    "content_type": 10, 
    "object_id_int": 15, 
    "serialized_data": "[{\"pk\": 15, \"model\": \"cms.placeholder\", \"fields\": {\"slot\": \"footer-text\", \"default_width\": null}}]", 
    "revision": 27
  }
},
{
  "pk": 158, 
  "model": "reversion.version", 
  "fields": {
    "format": "json", 
    "object_repr": "Lorem ipsum dolor...", 
    "object_id": "14", 
    "content_type": 1, 
    "object_id_int": 14, 
    "serialized_data": "[{\"pk\": 14, \"model\": \"djangocms_text_ckeditor.text\", \"fields\": {\"body\": \"<p>Lorem ipsum dolor sit amet, diam philosophia ne nec. Eum tamquam discere molestie ne, an quem autem vivendum ius. Te duo unum delicata. Mel et iusto probatus menandri, sea et nobis eruditi liberavisse, facilisi legendos expetendis eam ut.</p>\\n\\n<p>In libris ridens vel, sed ei modus viris tacimates. Vim partem causae volumus in, probo dicat blandit in cum. Mundi feugait no est. Quo quaeque referrentur id, vis ad meis melius.</p>\\n\"}}]", 
    "revision": 27
  }
},
{
  "pk": 159, 
  "model": "reversion.version", 
  "fields": {
    "format": "json", 
    "object_repr": "Three (three, en)", 
    "object_id": "7", 
    "content_type": 17, 
    "object_id_int": 7, 
    "serialized_data": "[{\"pk\": 7, \"model\": \"cms.title\", \"fields\": {\"menu_title\": \"\", \"meta_description\": \"\", \"page_title\": \"\", \"language\": \"en\", \"title\": \"Three\", \"has_url_overwrite\": false, \"redirect\": null, \"publisher_is_draft\": true, \"page\": 7, \"published\": true, \"path\": \"one/three\", \"publisher_state\": 0, \"creation_date\": \"2014-12-03T22:30:41Z\", \"slug\": \"three\", \"publisher_public\": 8}}]", 
    "revision": 28
  }
},
{
  "pk": 160, 
  "model": "reversion.version", 
  "fields": {
    "format": "json", 
    "object_repr": "14", 
    "object_id": "14", 
    "content_type": 11, 
    "object_id_int": 14, 
    "serialized_data": "[{\"pk\": 14, \"model\": \"cms.cmsplugin\", \"fields\": {\"rght\": 2, \"changed_date\": \"2014-12-03T22:45:44Z\", \"parent\": null, \"language\": \"en\", \"level\": 0, \"creation_date\": \"2014-12-03T22:45:15Z\", \"lft\": 1, \"tree_id\": 12, \"position\": 0, \"placeholder\": 14, \"plugin_type\": \"TextPlugin\"}}]", 
    "revision": 28
  }
},
{
  "pk": 161, 
  "model": "reversion.version", 
  "fields": {
    "format": "json", 
    "object_repr": "Three", 
    "object_id": "7", 
    "content_type": 12, 
    "object_id_int": 7, 
    "serialized_data": "[{\"pk\": 7, \"model\": \"cms.page\", \"fields\": {\"rght\": 6, \"navigation_extenders\": null, \"site\": 1, \"application_namespace\": null, \"lft\": 5, \"in_navigation\": true, \"reverse_id\": null, \"login_required\": false, \"created_by\": \"admin\", \"languages\": \"en\", \"publication_end_date\": null, \"template\": \"INHERIT\", \"tree_id\": 1, \"placeholders\": [14, 15], \"changed_date\": \"2014-12-03T22:46:20.649Z\", \"limit_visibility_in_menu\": null, \"parent\": 3, \"soft_root\": false, \"is_home\": false, \"publication_date\": \"2014-12-03T22:30:55Z\", \"creation_date\": \"2014-12-03T22:30:41Z\", \"level\": 2, \"changed_by\": \"admin\", \"application_urls\": null, \"xframe_options\": 0, \"revision_id\": 0}}]", 
    "revision": 28
  }
},
{
  "pk": 162, 
  "model": "reversion.version", 
  "fields": {
    "format": "json", 
    "object_repr": "content", 
    "object_id": "14", 
    "content_type": 10, 
    "object_id_int": 14, 
    "serialized_data": "[{\"pk\": 14, \"model\": \"cms.placeholder\", \"fields\": {\"slot\": \"content\", \"default_width\": null}}]", 
    "revision": 28
  }
},
{
  "pk": 163, 
  "model": "reversion.version", 
  "fields": {
    "format": "json", 
    "object_repr": "footer-text", 
    "object_id": "15", 
    "content_type": 10, 
    "object_id_int": 15, 
    "serialized_data": "[{\"pk\": 15, \"model\": \"cms.placeholder\", \"fields\": {\"slot\": \"footer-text\", \"default_width\": null}}]", 
    "revision": 28
  }
},
{
  "pk": 164, 
  "model": "reversion.version", 
  "fields": {
    "format": "json", 
    "object_repr": "Lorem ipsum dolor...", 
    "object_id": "14", 
    "content_type": 1, 
    "object_id_int": 14, 
    "serialized_data": "[{\"pk\": 14, \"model\": \"djangocms_text_ckeditor.text\", \"fields\": {\"body\": \"<p>Lorem ipsum dolor sit amet, diam philosophia ne nec. Eum tamquam discere molestie ne, an quem autem vivendum ius. Te duo unum delicata. Mel et iusto probatus menandri, sea et nobis eruditi liberavisse, facilisi legendos expetendis eam ut.</p>\\n\\n<p>In libris ridens vel, sed ei modus viris tacimates. Vim partem causae volumus in, probo dicat blandit in cum. Mundi feugait no est. Quo quaeque referrentur id, vis ad meis melius.</p>\\n\"}}]", 
    "revision": 28
  }
},
{
  "pk": 1, 
  "model": "auth.user", 
  "fields": {
    "username": "admin", 
    "first_name": "", 
    "last_name": "", 
    "is_active": true, 
    "is_superuser": true, 
    "is_staff": true, 
    "last_login": "2014-12-03T22:16:41Z", 
    "groups": [], 
    "user_permissions": [], 
    "password": "pbkdf2_sha256$12000$dvf02VE6CFrp$yZAUzXU/DQ34k0J9xwuJu7cKxoz+9Xpe282HqWp6d/U=", 
    "email": "admin@example.com", 
    "date_joined": "2014-12-03T22:15:39Z"
  }
},
{
  "pk": 1, 
  "model": "admin.logentry", 
  "fields": {
    "action_flag": 1, 
    "action_time": "2014-12-03T22:16:56Z", 
    "object_repr": "Home", 
    "object_id": "1", 
    "change_message": "", 
    "user": 1, 
    "content_type": 12
  }
},
{
  "pk": 2, 
  "model": "admin.logentry", 
  "fields": {
    "action_flag": 2, 
    "action_time": "2014-12-03T22:17:32Z", 
    "object_repr": "Home", 
    "object_id": "1", 
    "change_message": "Changed template and xframe_options.", 
    "user": 1, 
    "content_type": 12
  }
},
{
  "pk": 3, 
  "model": "admin.logentry", 
  "fields": {
    "action_flag": 2, 
    "action_time": "2014-12-03T22:20:02Z", 
    "object_repr": "Home", 
    "object_id": "1", 
    "change_message": "", 
    "user": 1, 
    "content_type": 12
  }
},
{
  "pk": 4, 
  "model": "admin.logentry", 
  "fields": {
    "action_flag": 1, 
    "action_time": "2014-12-03T22:28:19Z", 
    "object_repr": "One", 
    "object_id": "3", 
    "change_message": "", 
    "user": 1, 
    "content_type": 12
  }
},
{
  "pk": 5, 
  "model": "admin.logentry", 
  "fields": {
    "action_flag": 2, 
    "action_time": "2014-12-03T22:28:41Z", 
    "object_repr": "One", 
    "object_id": "3", 
    "change_message": "Changed template and xframe_options.", 
    "user": 1, 
    "content_type": 12
  }
},
{
  "pk": 6, 
  "model": "admin.logentry", 
  "fields": {
    "action_flag": 2, 
    "action_time": "2014-12-03T22:29:43Z", 
    "object_repr": "One", 
    "object_id": "3", 
    "change_message": "", 
    "user": 1, 
    "content_type": 12
  }
},
{
  "pk": 7, 
  "model": "admin.logentry", 
  "fields": {
    "action_flag": 1, 
    "action_time": "2014-12-03T22:30:05Z", 
    "object_repr": "Two", 
    "object_id": "5", 
    "change_message": "", 
    "user": 1, 
    "content_type": 12
  }
},
{
  "pk": 8, 
  "model": "admin.logentry", 
  "fields": {
    "action_flag": 2, 
    "action_time": "2014-12-03T22:30:21Z", 
    "object_repr": "Two", 
    "object_id": "5", 
    "change_message": "", 
    "user": 1, 
    "content_type": 12
  }
},
{
  "pk": 9, 
  "model": "admin.logentry", 
  "fields": {
    "action_flag": 1, 
    "action_time": "2014-12-03T22:30:41Z", 
    "object_repr": "Three", 
    "object_id": "7", 
    "change_message": "", 
    "user": 1, 
    "content_type": 12
  }
},
{
  "pk": 10, 
  "model": "admin.logentry", 
  "fields": {
    "action_flag": 2, 
    "action_time": "2014-12-03T22:30:55Z", 
    "object_repr": "Three", 
    "object_id": "7", 
    "change_message": "", 
    "user": 1, 
    "content_type": 12
  }
},
{
  "pk": 11, 
  "model": "admin.logentry", 
  "fields": {
    "action_flag": 2, 
    "action_time": "2014-12-03T22:39:51Z", 
    "object_repr": "One", 
    "object_id": "3", 
    "change_message": "", 
    "user": 1, 
    "content_type": 12
  }
},
{
  "pk": 12, 
  "model": "admin.logentry", 
  "fields": {
    "action_flag": 2, 
    "action_time": "2014-12-03T22:43:17Z", 
    "object_repr": "Home", 
    "object_id": "1", 
    "change_message": "", 
    "user": 1, 
    "content_type": 12
  }
},
{
  "pk": 13, 
  "model": "admin.logentry", 
  "fields": {
    "action_flag": 2, 
    "action_time": "2014-12-03T22:44:51Z", 
    "object_repr": "Two", 
    "object_id": "5", 
    "change_message": "", 
    "user": 1, 
    "content_type": 12
  }
},
{
  "pk": 14, 
  "model": "admin.logentry", 
  "fields": {
    "action_flag": 2, 
    "action_time": "2014-12-03T22:46:20Z", 
    "object_repr": "Three", 
    "object_id": "7", 
    "change_message": "", 
    "user": 1, 
    "content_type": 12
  }
},
{
  "pk": 1, 
  "model": "cms.usersettings", 
  "fields": {
    "clipboard": 1, 
    "user": 1, 
    "language": "en"
  }
},
{
  "pk": 1, 
  "model": "reversion.revision", 
  "fields": {
    "comment": "Initial version.", 
    "date_created": "2014-12-03T22:16:56Z", 
    "manager_slug": "default", 
    "user": 1
  }
},
{
  "pk": 2, 
  "model": "reversion.revision", 
  "fields": {
    "comment": "Changed template and xframe_options.", 
    "date_created": "2014-12-03T22:17:32Z", 
    "manager_slug": "default", 
    "user": 1
  }
},
{
  "pk": 3, 
  "model": "reversion.revision", 
  "fields": {
    "comment": "Text plugin added to footer-text", 
    "date_created": "2014-12-03T22:18:20Z", 
    "manager_slug": "default", 
    "user": 1
  }
},
{
  "pk": 4, 
  "model": "reversion.revision", 
  "fields": {
    "comment": "Text plugin edited at position 0 in footer-text", 
    "date_created": "2014-12-03T22:19:53Z", 
    "manager_slug": "default", 
    "user": 1
  }
},
{
  "pk": 5, 
  "model": "reversion.revision", 
  "fields": {
    "comment": "Publish", 
    "date_created": "2014-12-03T22:20:02Z", 
    "manager_slug": "default", 
    "user": 1
  }
},
{
  "pk": 6, 
  "model": "reversion.revision", 
  "fields": {
    "comment": "Initial version.", 
    "date_created": "2014-12-03T22:28:19Z", 
    "manager_slug": "default", 
    "user": 1
  }
},
{
  "pk": 7, 
  "model": "reversion.revision", 
  "fields": {
    "comment": "Changed template and xframe_options.", 
    "date_created": "2014-12-03T22:28:41Z", 
    "manager_slug": "default", 
    "user": 1
  }
},
{
  "pk": 8, 
  "model": "reversion.revision", 
  "fields": {
    "comment": "Publish", 
    "date_created": "2014-12-03T22:29:43Z", 
    "manager_slug": "default", 
    "user": 1
  }
},
{
  "pk": 9, 
  "model": "reversion.revision", 
  "fields": {
    "comment": "Initial version.", 
    "date_created": "2014-12-03T22:30:05Z", 
    "manager_slug": "default", 
    "user": 1
  }
},
{
  "pk": 10, 
  "model": "reversion.revision", 
  "fields": {
    "comment": "Publish", 
    "date_created": "2014-12-03T22:30:21Z", 
    "manager_slug": "default", 
    "user": 1
  }
},
{
  "pk": 11, 
  "model": "reversion.revision", 
  "fields": {
    "comment": "Initial version.", 
    "date_created": "2014-12-03T22:30:41Z", 
    "manager_slug": "default", 
    "user": 1
  }
},
{
  "pk": 12, 
  "model": "reversion.revision", 
  "fields": {
    "comment": "Publish", 
    "date_created": "2014-12-03T22:30:55Z", 
    "manager_slug": "default", 
    "user": 1
  }
},
{
  "pk": 13, 
  "model": "reversion.revision", 
  "fields": {
    "comment": "Text plugin added to content", 
    "date_created": "2014-12-03T22:33:26Z", 
    "manager_slug": "default", 
    "user": 1
  }
},
{
  "pk": 14, 
  "model": "reversion.revision", 
  "fields": {
    "comment": "Link plugin added to content", 
    "date_created": "2014-12-03T22:36:28Z", 
    "manager_slug": "default", 
    "user": 1
  }
},
{
  "pk": 15, 
  "model": "reversion.revision", 
  "fields": {
    "comment": "Link plugin edited at position 0 in content", 
    "date_created": "2014-12-03T22:37:18Z", 
    "manager_slug": "default", 
    "user": 1
  }
},
{
  "pk": 16, 
  "model": "reversion.revision", 
  "fields": {
    "comment": "Text plugin edited at position 0 in content", 
    "date_created": "2014-12-03T22:37:24Z", 
    "manager_slug": "default", 
    "user": 1
  }
},
{
  "pk": 17, 
  "model": "reversion.revision", 
  "fields": {
    "comment": "Google Map plugin added to content", 
    "date_created": "2014-12-03T22:37:33Z", 
    "manager_slug": "default", 
    "user": 1
  }
},
{
  "pk": 18, 
  "model": "reversion.revision", 
  "fields": {
    "comment": "Google Map plugin edited at position 2 in content", 
    "date_created": "2014-12-03T22:39:38Z", 
    "manager_slug": "default", 
    "user": 1
  }
},
{
  "pk": 19, 
  "model": "reversion.revision", 
  "fields": {
    "comment": "Publish", 
    "date_created": "2014-12-03T22:39:51Z", 
    "manager_slug": "default", 
    "user": 1
  }
},
{
  "pk": 20, 
  "model": "reversion.revision", 
  "fields": {
    "comment": "Text plugin added to content", 
    "date_created": "2014-12-03T22:42:54Z", 
    "manager_slug": "default", 
    "user": 1
  }
},
{
  "pk": 21, 
  "model": "reversion.revision", 
  "fields": {
    "comment": "Text plugin edited at position 0 in content", 
    "date_created": "2014-12-03T22:43:08Z", 
    "manager_slug": "default", 
    "user": 1
  }
},
{
  "pk": 22, 
  "model": "reversion.revision", 
  "fields": {
    "comment": "Publish", 
    "date_created": "2014-12-03T22:43:18Z", 
    "manager_slug": "default", 
    "user": 1
  }
},
{
  "pk": 23, 
  "model": "reversion.revision", 
  "fields": {
    "comment": "Text plugin added to content", 
    "date_created": "2014-12-03T22:44:33Z", 
    "manager_slug": "default", 
    "user": 1
  }
},
{
  "pk": 24, 
  "model": "reversion.revision", 
  "fields": {
    "comment": "Text plugin edited at position 0 in content", 
    "date_created": "2014-12-03T22:44:44Z", 
    "manager_slug": "default", 
    "user": 1
  }
},
{
  "pk": 25, 
  "model": "reversion.revision", 
  "fields": {
    "comment": "Publish", 
    "date_created": "2014-12-03T22:44:51Z", 
    "manager_slug": "default", 
    "user": 1
  }
},
{
  "pk": 26, 
  "model": "reversion.revision", 
  "fields": {
    "comment": "Text plugin added to content", 
    "date_created": "2014-12-03T22:45:16Z", 
    "manager_slug": "default", 
    "user": 1
  }
},
{
  "pk": 27, 
  "model": "reversion.revision", 
  "fields": {
    "comment": "Text plugin edited at position 0 in content", 
    "date_created": "2014-12-03T22:45:44Z", 
    "manager_slug": "default", 
    "user": 1
  }
},
{
  "pk": 28, 
  "model": "reversion.revision", 
  "fields": {
    "comment": "Publish", 
    "date_created": "2014-12-03T22:46:20Z", 
    "manager_slug": "default", 
    "user": 1
  }
}
]
